date,Day,sales,t_media,t_min,umidità_percentuale,weather,holidays,Chievo,Milan,Verona,Inter,Juventus
2015-01-01,Thursday,6,0,-5,81,sole,Primo dell'Anno,0,0,0,0,0
2015-01-02,Friday,9,0,-4,85,sole,0,0,1,0,0,0
2015-01-02,Friday,9,0,-4,85,sole,0,1,0,0,0,0
2015-01-03,Saturday,14,4,-1,78,sole,0,0,0,0,1,0
2015-01-04,Sunday,10,3,-3,68,sole,0,0,0,0,0,0
2015-01-05,Monday,14,4,-3,56,sole,0,0,0,0,0,0
2015-01-06,Tuesday,13,2,-3,80,sole,Epifania,0,0,0,0,0
2015-01-07,Wednesday,4,3,-1,83,sole,0,0,0,0,0,0
2015-01-08,Thursday,10,4,1,84,sole,0,0,0,0,0,0
2015-01-09,Friday,13,2,-1,91,nebbia ,0,0,0,0,0,0
2015-01-10,Saturday,14,2,-1,90,nebbia ,0,0,0,0,0,0
2015-01-11,Sunday,6,1,-2,91,nebbia ,0,0,0,0,0,0
2015-01-13,Tuesday,13,3,-2,70,sole,0,0,0,0,0,0
2015-01-14,Wednesday,13,4,1,87,nebbia ,0,0,0,0,0,0
2015-01-15,Thursday,8,4,0,88,pioggia nebbia ,0,0,0,0,0,0
2015-01-16,Friday,15,7,4,80,pioggia ,0,0,0,0,0,0
2015-01-17,Saturday,20,9,5,86,pioggia ,0,0,0,0,0,0
2015-01-18,Sunday,18,5,1,80,sole,0,0,0,1,0,1
2015-01-18,Sunday,18,5,1,80,sole,0,1,0,0,0,0
2015-01-18,Sunday,18,5,1,80,sole,0,0,1,0,0,0
2015-01-20,Tuesday,16,2,-1,89,nebbia ,0,0,0,0,0,0
2015-01-21,Wednesday,12,4,1,85,pioggia ,0,0,0,0,0,0
2015-01-22,Thursday,7,6,5,87,pioggia ,0,0,0,0,0,0
2015-01-23,Friday,11,6,2,80,sole,0,0,0,0,0,0
2015-01-24,Saturday,28,5,2,75,sole,0,0,0,0,0,0
2015-01-25,Sunday,26,5,2,73,sole,0,1,0,0,0,1
2015-01-25,Sunday,26,5,2,73,sole,0,0,0,0,1,0
2015-01-25,Sunday,26,5,2,73,sole,0,0,0,1,0,0
2015-01-27,Tuesday,11,1,-2,81,sole,0,0,0,0,0,0
2015-01-28,Wednesday,18,2,-2,56,sole,0,0,0,0,0,0
2015-01-29,Thursday,18,1,-2,77,pioggia ,0,0,0,0,0,0
2015-01-30,Friday,24,2,-1,82,pioggia ,0,0,0,0,0,0
2015-01-31,Saturday,32,2,-4,68,sole,0,0,0,0,0,0
2015-02-01,Sunday,29,3,-1,67,sole,0,0,0,0,0,0
2015-02-03,Tuesday,17,3,-2,68,sole,0,0,0,0,0,0
2015-02-04,Wednesday,16,6,3,59,sole,0,0,0,0,0,0
2015-02-05,Thursday,11,5,4,84,sole,0,0,0,0,0,0
2015-02-06,Friday,25,3,1,87,sole,0,0,0,0,0,0
2015-02-07,Saturday,28,4,1,76,sole,0,0,0,0,0,0
2015-02-08,Sunday,19,1,-3,88,sole,0,0,0,0,0,0
2015-02-10,Tuesday,22,2,-3,76,sole,0,0,0,0,0,0
2015-02-11,Wednesday,19,4,0,82,sole,0,1,0,0,0,0
2015-02-12,Thursday,19,5,-1,82,sole,Giovedì Grasso,0,0,0,0,0
2015-02-13,Friday,22,6,5,80,sole,0,0,0,0,0,0
2015-02-14,Saturday,33,6,4,89,sole,San Valentino,0,0,0,0,0
2015-02-15,Sunday,28,8,6,83,sole,Carnevale,0,1,0,0,0
2015-02-15,Sunday,28,8,6,83,sole,Carnevale,1,0,0,0,0
2015-02-17,Tuesday,21,9,4,58,sole,Martedì Grasso,0,0,0,0,0
2015-02-18,Wednesday,10,6,0,68,sole,0,0,0,0,0,0
2015-02-19,Thursday,20,4,-1,80,sole,0,0,0,0,0,0
2015-02-20,Friday,17,4,-1,84,sole,0,0,0,0,0,1
2015-02-21,Saturday,30,5,2,81,sole,0,0,0,0,0,0
2015-02-22,Sunday,36,7,5,89,sole,0,0,0,1,0,0
2015-02-22,Sunday,36,7,5,89,sole,0,0,1,0,0,0
2015-02-24,Tuesday,19,7,4,75,sole,0,0,0,0,0,0
2015-02-25,Wednesday,13,7,6,75,sole,0,0,0,0,0,0
2015-02-26,Thursday,19,8,6,62,sole,0,0,0,0,0,0
2015-02-27,Friday,18,8,6,67,sole,0,0,0,0,0,0
2015-02-28,Saturday,33,8,1,71,sole,0,1,1,0,0,0
2015-03-01,Sunday,22,7,2,79,sole,0,0,0,0,0,0
2015-03-03,Tuesday,20,8,1,72,nebbia ,0,0,0,0,0,0
2015-03-04,Wednesday,23,8,3,68,pioggia ,0,0,0,0,0,0
2015-03-05,Thursday,10,8,3,43,sole,0,1,0,0,1,0
2015-03-05,Thursday,10,8,3,43,sole,0,0,0,1,0,0
2015-03-06,Friday,20,7,1,34,sole,0,0,0,0,0,0
2015-03-07,Saturday,37,7,1,57,sole,0,0,0,0,0,0
2015-03-08,Sunday,27,7,1,59,sole,0,0,0,0,0,0
2015-03-10,Tuesday,20,8,1,65,sole,0,1,0,1,0,0
2015-03-11,Wednesday,16,10,5,66,sole,0,0,0,0,0,0
2015-03-12,Thursday,18,9,4,55,sole,0,0,0,0,0,0
2015-03-13,Friday,22,8,2,60,sole,0,0,0,0,0,0
2015-03-14,Saturday,41,8,3,62,sole,0,0,0,0,0,0
2015-03-15,Sunday,34,9,3,64,pioggia ,0,0,0,1,0,0
2015-03-15,Sunday,34,9,3,64,pioggia ,0,0,0,0,1,0
2015-03-17,Tuesday,15,12,8,70,pioggia ,0,0,0,0,0,0
2015-03-18,Wednesday,18,10,5,76,sole,0,0,0,0,0,0
2015-03-19,Thursday,19,10,4,67,sole,Festa di San Giuseppe,0,0,0,0,0
2015-03-20,Friday,17,10,5,61,sole,0,0,0,0,0,0
2015-03-21,Saturday,31,10,6,69,pioggia ,0,1,0,0,0,0
2015-03-21,Saturday,31,10,6,69,pioggia ,0,0,1,0,0,0
2015-03-22,Sunday,37,9,7,79,pioggia ,0,0,0,0,0,1
2015-03-24,Tuesday,21,12,7,64,sole,0,0,0,0,0,0
2015-03-25,Wednesday,23,12,11,75,pioggia ,0,0,0,0,0,0
2015-03-26,Thursday,19,11,10,91,pioggia ,0,0,0,0,0,0
2015-03-27,Friday,16,12,10,74,sole,0,0,0,0,0,0
2015-03-28,Saturday,39,13,8,33,sole,0,0,0,0,0,0
2015-03-29,Sunday,20,12,6,58,sole,Domenica delle Palme,0,0,0,0,0
2015-03-31,Tuesday,16,14,6,71,sole,0,0,0,0,0,0
2015-04-01,Wednesday,15,13,6,51,nebbia ,0,0,0,0,0,0
2015-04-02,Thursday,16,12,5,39,sole,0,0,0,0,0,0
2015-04-03,Friday,14,11,7,47,sole,0,0,0,0,0,0
2015-04-04,Saturday,17,10,8,53,sole,0,0,0,0,1,0
2015-04-04,Saturday,17,10,8,53,sole,0,0,0,0,0,1
2015-04-04,Saturday,17,10,8,53,sole,0,0,0,1,0,0
2015-04-05,Sunday,5,9,6,62,pioggia ,Pasqua,0,0,0,0,0
2015-04-07,Tuesday,8,10,2,37,sole,0,0,0,0,0,0
2015-04-08,Wednesday,15,11,2,46,sole,0,0,0,0,0,0
2015-04-09,Thursday,12,13,6,53,sole,0,0,0,0,0,0
2015-04-10,Friday,19,14,7,62,sole,0,0,1,0,0,0
2015-04-10,Friday,19,14,7,62,sole,0,0,0,0,0,1
2015-04-11,Saturday,27,13,6,67,sole,0,0,0,0,0,0
2015-04-12,Sunday,28,15,8,67,nebbia ,0,0,0,0,0,0
2015-04-14,Tuesday,17,17,10,60,sole,0,0,0,0,0,0
2015-04-15,Wednesday,17,18,10,58,sole,0,0,0,0,0,0
2015-04-16,Thursday,18,17,10,65,pioggia ,0,0,0,0,0,0
2015-04-17,Friday,25,15,12,84,pioggia ,0,0,0,0,0,0
2015-04-18,Saturday,40,13,8,77,pioggia temporale nebbia ,0,0,0,0,0,1
2015-04-19,Sunday,25,11,7,51,sole,0,1,0,0,0,0
2015-04-19,Sunday,25,11,7,51,sole,0,0,1,0,1,0
2015-04-21,Tuesday,21,16,8,52,sole,0,0,0,0,0,0
2015-04-22,Wednesday,17,18,8,48,sole,0,0,0,0,0,0
2015-04-23,Thursday,19,17,11,56,sole,0,0,0,0,0,0
2015-04-24,Friday,29,16,10,67,sole,0,0,0,0,0,0
2015-04-25,Saturday,36,15,9,77,pioggia ,Anniversario della Liberazione,0,0,0,1,0
2015-04-26,Sunday,27,16,11,81,pioggia ,0,0,0,1,0,0
2015-04-28,Tuesday,26,16,13,79,pioggia ,0,0,0,0,0,0
2015-04-29,Wednesday,15,15,11,71,sole,0,1,0,0,0,0
2015-04-29,Wednesday,15,15,11,71,sole,0,0,1,0,0,0
2015-04-29,Wednesday,15,15,11,71,sole,0,0,0,0,0,1
2015-04-30,Thursday,18,15,12,74,pioggia ,0,0,0,0,0,0
2015-05-01,Friday,29,13,10,91,pioggia ,Festa dei Lavoratori,0,0,0,0,0
2015-05-02,Saturday,22,17,12,80,pioggia nebbia ,0,0,0,0,0,0
2015-05-03,Sunday,29,18,15,80,pioggia ,0,0,0,0,0,0
2015-05-05,Tuesday,23,20,15,77,nebbia ,0,0,0,0,0,0
2015-05-06,Wednesday,25,20,16,72,sole,0,0,0,0,0,0
2015-05-07,Thursday,24,21,16,62,sole,0,0,0,0,0,0
2015-05-08,Friday,27,21,15,62,pioggia temporale ,0,0,0,0,0,0
2015-05-09,Saturday,38,20,15,65,sole,0,0,0,0,0,0
2015-05-10,Sunday,29,22,15,50,sole,Festa della Mamma,0,0,0,0,0
2015-05-12,Tuesday,16,22,15,53,sole,0,0,0,0,1,0
2015-05-13,Wednesday,16,21,15,62,sole,0,0,0,0,0,0
2015-05-14,Thursday,10,22,15,70,sole,0,0,0,0,0,0
2015-05-15,Friday,17,19,17,76,pioggia temporale ,0,0,0,0,0,0
2015-05-16,Saturday,27,20,15,74,pioggia temporale ,0,0,0,0,1,1
2015-05-17,Sunday,23,23,16,56,sole,0,0,0,1,0,0
2015-05-19,Tuesday,16,23,18,62,pioggia temporale ,0,0,0,0,0,0
2015-05-20,Wednesday,24,19,15,77,pioggia ,0,0,0,0,0,0
2015-05-21,Thursday,24,14,11,85,pioggia temporale ,0,0,0,0,0,0
2015-05-22,Friday,17,14,12,83,pioggia ,0,0,0,0,0,0
2015-05-23,Saturday,33,14,12,87,pioggia ,0,0,0,0,0,1
2015-05-24,Sunday,29,17,13,65,pioggia ,Pentecoste,0,1,0,0,0
2015-05-24,Sunday,29,17,13,65,pioggia ,Pentecoste,1,0,0,0,0
2015-05-26,Tuesday,22,18,15,78,pioggia temporale ,0,0,0,0,0,0
2015-05-27,Wednesday,22,18,15,67,pioggia ,0,0,0,0,0,0
2015-05-28,Thursday,23,19,14,59,sole,0,0,0,0,0,0
2015-05-29,Friday,17,19,13,59,sole,0,0,0,0,0,0
2015-05-30,Saturday,32,21,15,65,sole,0,0,0,1,0,1
2015-05-31,Sunday,20,21,17,69,sole,0,0,0,0,1,0
2015-06-01,Monday,15,22,16,65,sole,0,1,0,0,0,0
2015-06-01,Monday,15,22,16,65,sole,0,0,1,0,0,0
2015-06-01,Monday,15,22,16,65,sole,0,0,0,0,1,1
2015-06-02,Tuesday,24,24,18,62,sole,Festa della Repubblica,0,0,0,0,0
2015-06-03,Wednesday,17,25,18,62,sole,0,0,0,0,0,0
2015-06-04,Thursday,24,27,22,59,sole,0,0,0,0,0,0
2015-06-05,Friday,22,27,21,61,sole,0,0,0,0,0,0
2015-06-06,Saturday,31,28,23,63,sole,0,0,0,0,0,0
2015-06-07,Sunday,25,28,22,54,sole,0,0,0,0,0,0
2015-06-09,Tuesday,25,24,17,60,sole,0,0,0,0,0,0
2015-06-10,Wednesday,22,25,20,60,sole,0,0,0,0,0,0
2015-06-11,Thursday,21,25,18,60,sole,0,0,0,0,0,0
2015-06-12,Friday,18,25,20,64,sole,0,0,0,1,0,0
2015-06-13,Saturday,20,25,20,63,sole,0,0,0,0,0,0
2015-06-14,Sunday,25,23,19,83,sole,0,0,0,0,0,0
2015-06-16,Tuesday,20,21,18,77,sole,0,0,0,0,0,0
2015-06-17,Wednesday,22,21,17,67,sole,0,0,0,0,0,0
2015-06-18,Thursday,24,22,18,61,sole,0,0,0,0,0,0
2015-06-19,Friday,21,22,19,62,sole,0,0,0,0,0,0
2015-06-20,Saturday,29,20,16,64,sole,0,0,0,0,0,0
2015-06-21,Sunday,24,21,16,57,sole,0,0,0,0,0,0
2015-06-23,Tuesday,19,23,18,72,sole,0,0,0,0,0,0
2015-06-24,Wednesday,20,20,14,57,sole,0,0,0,0,0,0
2015-06-25,Thursday,23,22,16,55,sole,0,0,0,0,0,0
2015-06-26,Friday,30,24,16,56,sole,0,0,0,0,0,0
2015-06-27,Saturday,26,25,18,58,sole,0,0,0,0,0,0
2015-06-28,Sunday,24,25,19,61,sole,0,0,0,0,0,0
2015-06-30,Tuesday,19,25,19,58,sole,0,0,0,0,0,0
2015-07-01,Wednesday,23,26,20,49,sole,0,0,0,0,0,0
2015-07-02,Thursday,17,27,21,54,sole,0,0,1,0,0,1
2015-07-02,Thursday,17,27,21,54,sole,0,0,0,1,0,0
2015-07-03,Friday,32,27,21,55,sole,0,0,1,1,0,0
2015-07-04,Saturday,23,27,20,58,sole,0,0,0,0,0,0
2015-07-05,Sunday,25,29,22,59,sole,0,0,0,0,0,0
2015-07-07,Tuesday,28,31,25,60,sole,0,0,0,0,0,0
2015-07-08,Wednesday,29,29,25,63,sole,0,0,0,0,0,0
2015-07-09,Thursday,24,25,22,55,sole,0,0,0,0,0,0
2015-07-10,Friday,27,25,22,45,sole,0,0,0,0,0,0
2015-07-11,Saturday,30,25,17,51,sole,0,0,0,1,0,0
2015-07-11,Saturday,30,25,17,51,sole,0,0,1,0,0,0
2015-07-12,Sunday,29,27,20,53,sole,0,0,0,0,0,0
2015-07-14,Tuesday,33,28,22,55,sole,0,0,0,0,0,0
2015-07-15,Wednesday,22,28,22,61,sole,0,0,0,0,0,0
2015-07-16,Thursday,29,29,22,59,sole,0,0,0,0,0,0
2015-07-17,Friday,19,30,24,55,sole,0,0,0,0,0,0
2015-07-18,Saturday,33,29,22,50,sole,0,0,0,0,0,0
2015-07-19,Sunday,23,30,23,53,sole,0,0,0,0,0,0
2015-07-21,Tuesday,21,30,24,53,sole,0,0,0,0,0,0
2015-07-22,Wednesday,32,31,25,51,sole,0,0,0,0,0,0
2015-07-23,Thursday,30,29,22,59,sole,0,0,0,0,0,0
2015-07-24,Friday,26,29,22,55,sole,0,0,0,0,0,0
2015-07-25,Saturday,31,28,23,57,sole,0,0,0,0,0,0
2015-07-26,Sunday,40,26,22,57,sole,0,0,0,0,0,0
2015-07-28,Tuesday,24,27,22,61,sole,0,0,0,0,0,0
2015-07-29,Wednesday,31,26,20,68,sole,0,0,0,0,0,0
2015-07-30,Thursday,32,24,20,66,sole,0,0,0,0,0,0
2015-07-31,Friday,34,23,18,55,sole,0,0,0,0,0,0
2015-08-01,Saturday,44,21,19,70,pioggia ,0,0,0,0,0,0
2015-08-02,Sunday,34,22,17,77,pioggia ,0,0,0,0,1,0
2015-08-04,Tuesday,29,27,20,60,sole,0,0,0,0,0,0
2015-08-05,Wednesday,27,28,22,58,sole,0,0,0,0,0,0
2015-08-06,Thursday,29,29,20,57,sole,0,0,0,0,0,0
2015-08-07,Friday,26,29,22,54,sole,0,0,0,0,0,0
2015-08-08,Saturday,27,30,24,52,sole,0,0,0,0,0,0
2015-08-09,Sunday,30,29,23,52,sole,0,0,0,0,0,0
2015-08-11,Tuesday,27,26,18,55,sole,0,0,0,0,0,0
2015-08-12,Wednesday,27,28,19,47,sole,0,0,0,0,0,0
2015-08-13,Thursday,31,28,19,47,sole,0,0,0,0,0,0
2015-08-14,Friday,26,27,20,52,temporale ,0,0,0,0,0,0
2015-08-15,Saturday,26,25,19,65,pioggia ,Ferragosto,0,0,0,0,0
2015-08-16,Sunday,29,21,19,80,pioggia temporale ,0,0,0,0,0,0
2015-08-18,Tuesday,31,23,17,67,temporale ,0,0,0,0,0,0
2015-08-19,Wednesday,33,19,17,83,pioggia ,0,0,0,0,0,0
2015-08-20,Thursday,34,23,16,64,sole,0,0,0,0,0,0
2015-08-21,Friday,26,21,17,71,pioggia temporale ,0,0,0,0,0,0
2015-08-22,Saturday,34,20,14,69,sole,0,0,0,1,0,0
2015-08-23,Sunday,38,21,16,65,pioggia ,0,0,0,0,1,0
2015-08-23,Sunday,38,21,16,65,pioggia ,0,0,0,0,0,1
2015-08-25,Tuesday,38,23,18,77,pioggia nebbia ,0,0,0,0,0,0
2015-08-26,Wednesday,31,23,17,69,sole,0,0,0,0,0,0
2015-08-27,Thursday,27,24,18,64,sole,0,0,0,0,0,0
2015-08-28,Friday,30,25,18,62,sole,0,0,0,0,0,0
2015-08-29,Saturday,41,26,20,64,sole,0,0,1,0,0,0
2015-08-30,Sunday,35,27,19,55,sole,0,1,0,0,0,0
2015-09-01,Tuesday,33,24,16,56,sole,0,0,0,0,0,0
2015-09-02,Wednesday,26,23,17,68,sole,0,0,0,0,0,0
2015-09-03,Thursday,26,23,19,63,sole,0,0,0,0,0,1
2015-09-04,Friday,30,22,15,61,sole,0,0,0,0,0,0
2015-09-05,Saturday,36,20,16,66,sole,0,0,1,0,0,0
2015-09-05,Saturday,36,20,16,66,sole,0,0,0,0,0,1
2015-09-06,Sunday,31,18,10,59,sole,0,0,0,0,0,0
2015-09-08,Tuesday,29,19,12,53,sole,0,0,0,0,0,0
2015-09-09,Wednesday,30,18,12,57,sole,0,0,0,0,0,0
2015-09-10,Thursday,36,20,16,48,sole,0,0,0,0,0,0
2015-09-11,Friday,33,19,15,55,sole,0,0,0,0,0,0
2015-09-12,Saturday,47,20,13,59,sole,0,0,0,0,0,0
2015-09-13,Sunday,36,20,16,78,sole,0,0,0,1,0,0
2015-09-13,Sunday,36,20,16,78,sole,0,0,1,0,1,0
2015-09-15,Tuesday,34,21,16,70,sole,0,0,0,0,0,0
2015-09-16,Wednesday,29,22,17,68,sole,0,0,0,0,0,0
2015-09-17,Thursday,29,23,17,74,sole,0,0,0,0,0,0
2015-09-18,Friday,32,23,17,63,sole,0,0,0,0,0,0
2015-09-19,Saturday,42,20,13,63,sole,0,0,1,0,0,0
2015-09-20,Sunday,41,20,14,64,sole,0,1,0,0,1,0
2015-09-22,Tuesday,33,18,13,59,sole,0,0,0,0,0,0
2015-09-24,Thursday,38,15,11,78,sole,0,0,0,0,0,0
2015-09-25,Friday,37,17,11,71,sole,0,0,0,0,0,0
2015-09-26,Saturday,46,18,13,75,sole,0,0,0,0,0,0
2015-09-27,Sunday,43,17,14,71,sole,0,0,0,0,1,0
2015-09-27,Sunday,43,17,14,71,sole,0,0,0,1,0,0
2015-09-29,Tuesday,28,17,14,43,sole,0,0,0,0,0,0
2015-09-30,Wednesday,23,15,10,50,sole,0,0,0,0,0,0
2015-10-01,Thursday,34,14,9,56,pioggia ,0,0,0,0,0,0
2015-10-02,Friday,32,16,15,57,pioggia ,0,0,0,0,0,0
2015-10-03,Saturday,40,17,14,82,pioggia ,0,0,0,0,0,0
2015-10-04,Sunday,31,17,13,87,pioggia temporale ,0,0,0,0,0,0
2015-10-06,Tuesday,26,17,16,90,pioggia ,0,0,0,0,0,0
2015-10-07,Wednesday,23,18,15,86,pioggia temporale nebbia ,0,0,0,0,0,0
2015-10-08,Thursday,22,18,15,83,pioggia ,0,0,0,0,0,0
2015-10-09,Friday,29,17,14,78,sole,0,0,0,0,0,0
2015-10-10,Saturday,44,16,13,75,sole,0,0,0,0,0,0
2015-10-11,Sunday,38,16,13,75,sole,0,0,0,0,0,0
2015-10-13,Tuesday,25,14,14,96,pioggia ,0,0,0,0,0,0
2015-10-14,Wednesday,30,15,14,96,pioggia ,0,0,0,0,0,0
2015-10-15,Thursday,26,14,11,84,pioggia ,0,0,0,0,0,0
2015-10-16,Friday,35,11,7,80,pioggia temporale ,0,0,0,0,0,0
2015-10-17,Saturday,47,11,6,80,sole,0,0,0,0,0,0
2015-10-18,Sunday,36,12,11,90,pioggia ,0,0,0,1,0,0
2015-10-18,Sunday,36,12,11,90,pioggia ,0,0,0,0,1,1
2015-10-20,Tuesday,24,11,5,74,sole,0,0,0,0,0,0
2015-10-21,Wednesday,21,10,4,69,sole,0,0,0,0,0,0
2015-10-22,Thursday,27,10,4,70,sole,0,0,0,0,0,0
2015-10-23,Friday,30,10,5,78,sole,0,0,0,0,0,0
2015-10-24,Saturday,46,11,4,79,sole,0,0,0,0,0,0
2015-10-25,Sunday,36,11,5,83,sole,0,0,0,0,0,1
2015-10-25,Sunday,36,11,5,83,sole,0,0,1,0,0,0
2015-10-25,Sunday,36,11,5,83,sole,0,1,0,0,0,0
2015-10-27,Tuesday,27,12,5,82,sole,0,0,0,0,0,0
2015-10-28,Wednesday,25,13,12,92,pioggia ,0,0,0,1,0,0
2015-10-28,Wednesday,25,13,12,92,pioggia ,0,1,1,0,0,0
2015-10-29,Thursday,24,13,12,97,pioggia ,0,0,0,0,0,0
2015-10-30,Friday,33,14,9,86,nebbia ,0,0,0,0,0,0
2015-10-31,Saturday,52,12,6,73,sole,0,0,0,0,1,0
2015-10-31,Saturday,52,12,6,73,sole,0,0,0,0,0,1
2015-11-01,Sunday,32,10,5,74,sole,Ognissanti,0,0,0,1,0
2015-11-01,Sunday,32,10,5,74,sole,Ognissanti,0,0,1,0,0
2015-11-03,Tuesday,25,9,2,78,sole,0,0,0,0,0,0
2015-11-04,Wednesday,25,11,6,88,sole,0,0,0,1,1,0
2015-11-05,Thursday,26,11,5,83,sole,0,0,0,0,0,0
2015-11-06,Friday,32,12,6,80,sole,0,0,0,0,0,0
2015-11-07,Saturday,56,12,5,81,sole,0,0,0,0,0,0
2015-11-08,Sunday,28,12,6,81,sole,0,0,0,0,0,0
2015-11-10,Tuesday,30,9,6,95,sole,0,0,0,0,0,0
2015-11-11,Wednesday,30,7,5,99,sole,0,0,0,0,0,0
2015-11-12,Thursday,33,9,3,91,sole,0,0,0,0,0,0
2015-11-13,Friday,36,8,6,100,sole,0,0,0,0,0,0
2015-11-14,Saturday,49,9,5,95,sole,0,0,0,0,0,0
2015-11-15,Sunday,33,8,5,94,sole,0,0,0,0,0,0
2015-11-17,Tuesday,28,9,9,95,sole,0,0,0,0,0,0
2015-11-18,Wednesday,37,10,9,99,sole,0,0,0,0,0,0
2015-11-19,Thursday,34,11,10,96,sole,0,0,0,0,0,0
2015-11-20,Friday,41,11,10,94,sole,0,0,0,0,0,0
2015-11-21,Saturday,44,9,5,93,sole,0,0,1,0,0,1
2015-11-22,Sunday,33,5,2,85,sole,0,0,0,0,1,0
2015-11-22,Sunday,33,5,2,85,sole,0,0,0,1,0,0
2015-11-24,Tuesday,22,4,0,75,sole,0,0,0,0,0,0
2015-11-25,Wednesday,25,2,-1,85,sole,0,0,0,0,0,0
2015-11-26,Thursday,30,4,-2,79,sole,0,0,0,0,0,0
2015-11-27,Friday,34,3,-2,78,sole,0,0,0,0,0,0
2015-11-28,Saturday,55,2,-3,86,sole,0,0,1,0,0,0
2015-11-29,Sunday,42,2,-2,84,sole,0,1,0,0,0,0
2015-12-02,Wednesday,30,5,-1,85,sole,0,0,0,0,0,0
2015-12-03,Thursday,38,2,-1,100,sole,0,0,0,0,0,0
2015-12-04,Friday,33,4,0,100,sole,0,0,1,0,0,0
2015-12-05,Saturday,55,6,3,94,sole,0,0,0,0,0,0
2015-12-06,Sunday,38,5,1,96,sole,0,0,0,0,0,0
2015-12-07,Monday,28,4,-1,98,sole,0,0,0,0,0,0
2015-12-08,Tuesday,30,5,1,97,sole,Immacolata Concezione,0,0,0,0,0
2015-12-09,Wednesday,32,3,0,99,sole,0,1,0,0,0,1
2015-12-10,Thursday,27,2,1,99,sole,0,0,0,0,0,0
2015-12-11,Friday,42,0,-2,100,sole,0,0,0,0,0,0
2015-12-12,Saturday,50,1,-2,97,sole,0,0,0,0,0,0
2015-12-13,Sunday,39,3,0,92,sole,0,0,0,0,0,1
2015-12-13,Sunday,39,3,0,92,sole,0,0,1,1,0,0
2015-12-13,Sunday,39,3,0,92,sole,0,1,0,0,0,0
2015-12-15,Tuesday,26,2,-2,83,sole,0,0,0,0,0,0
2015-12-16,Wednesday,30,5,1,80,sole,0,0,0,0,0,0
2015-12-17,Thursday,30,5,0,83,sole,0,0,0,0,0,0
2015-12-18,Friday,30,4,-1,89,sole,0,0,0,0,0,0
2015-12-19,Saturday,42,4,-1,91,sole,0,0,0,0,0,0
2015-12-20,Sunday,32,3,-2,90,sole,0,0,0,1,0,0
2015-12-20,Sunday,32,3,-2,90,sole,0,0,0,0,1,0
2015-12-22,Tuesday,25,5,2,98,sole,0,0,0,0,0,0
2015-12-23,Wednesday,26,5,3,99,sole,0,0,0,0,0,0
2015-12-24,Thursday,19,7,4,91,sole,0,0,0,0,0,0
2015-12-26,Saturday,19,4,2,99,sole,Santo Stefano,0,0,0,0,0
2015-12-27,Sunday,24,2,1,100,sole,0,0,0,0,0,0
2015-12-29,Tuesday,28,2,1,99,sole,0,0,0,0,0,0
2015-12-30,Wednesday,20,7,0,70,sole,0,0,0,0,0,0
2015-12-31,Thursday,11,4,1,70,sole,Ultimo dell'Anno,0,0,0,0,0
2016-01-02,Saturday,26,0,-4,98,pioggia neve nebbia ,0,0,0,0,0,0
2016-01-03,Sunday,30,2,1,96,pioggia nebbia ,0,0,0,0,0,0
2016-01-05,Tuesday,26,3,1,94,neve ,0,0,0,0,0,1
2016-01-05,Tuesday,26,3,1,94,neve ,0,0,1,0,0,0
2016-01-06,Wednesday,25,4,2,91,pioggia nebbia ,Epifania,0,0,0,0,0
2016-01-07,Thursday,18,0,-4,93,nebbia ,0,0,0,0,0,0
2016-01-08,Friday,27,3,-3,86,sole,0,0,0,0,0,0
2016-01-09,Saturday,43,5,4,96,pioggia nebbia ,0,0,0,0,0,0
2016-01-10,Sunday,39,6,4,97,nebbia ,0,0,0,0,0,0
2016-01-12,Tuesday,15,7,3,76,sole,0,0,0,0,0,0
2016-01-13,Wednesday,25,5,0,68,sole,0,0,0,0,0,0
2016-01-14,Thursday,27,2,-3,90,pioggia ,0,0,0,0,0,0
2016-01-15,Friday,33,3,0,82,sole,0,0,0,0,0,0
2016-01-16,Saturday,48,4,-3,51,sole,0,0,0,0,0,0
2016-01-17,Sunday,33,3,-5,43,sole,0,1,0,0,0,0
2016-01-17,Sunday,33,3,-5,43,sole,0,0,1,0,0,0
2016-01-19,Tuesday,25,-2,-6,57,sole,0,0,0,0,0,0
2016-01-20,Wednesday,29,-1,-5,64,sole,0,0,0,0,0,0
2016-01-21,Thursday,31,-1,-6,67,sole,0,0,0,0,0,0
2016-01-22,Friday,39,1,-3,72,sole,0,0,0,0,0,0
2016-01-23,Saturday,55,1,-3,80,sole,0,0,0,0,0,0
2016-01-24,Sunday,41,0,-5,87,sole,0,0,0,1,0,0
2016-01-24,Sunday,41,0,-5,87,sole,0,0,0,0,0,1
2016-01-24,Sunday,41,0,-5,87,sole,0,0,0,0,1,0
2016-01-26,Tuesday,33,3,-3,82,sole,0,0,0,0,0,0
2016-01-27,Wednesday,30,4,-1,83,sole,0,0,0,0,0,0
2016-01-28,Thursday,23,7,6,81,sole,0,0,0,0,0,0
2016-01-29,Friday,39,8,6,82,sole,0,0,0,0,0,0
2016-01-30,Saturday,45,7,6,90,pioggia nebbia ,0,0,0,0,0,0
2016-01-31,Sunday,32,6,5,99,nebbia ,0,1,0,0,0,1
2016-01-31,Sunday,32,6,5,99,nebbia ,0,0,1,0,1,0
2016-02-02,Tuesday,24,7,3,99,nebbia ,0,0,0,0,0,0
2016-02-03,Wednesday,20,8,5,96,pioggia nebbia ,0,0,0,0,0,0
2016-02-04,Thursday,25,5,0,78,nebbia ,Giovedì Grasso,0,0,0,0,1
2016-02-05,Friday,32,5,-2,71,sole,0,0,0,0,0,0
2016-02-06,Saturday,41,5,1,76,sole,0,0,0,0,0,0
2016-02-07,Sunday,34,10,9,83,pioggia ,Carnevale,0,0,0,0,0
2016-02-09,Tuesday,22,8,6,93,pioggia ,Martedì Grasso,0,0,0,0,0
2016-02-10,Wednesday,15,8,1,61,pioggia ,0,0,1,0,0,0
2016-02-11,Thursday,20,4,-2,65,sole,0,0,0,0,0,0
2016-02-12,Friday,22,6,2,76,pioggia ,0,0,0,0,0,0
2016-02-13,Saturday,43,5,2,84,sole,0,0,0,0,0,1
2016-02-13,Saturday,43,5,2,84,sole,0,1,0,0,0,0
2016-02-14,Sunday,42,5,1,94,pioggia ,San Valentino,0,1,0,0,0
2016-02-16,Tuesday,27,9,7,76,pioggia ,0,0,0,0,0,0
2016-02-17,Wednesday,19,7,6,90,pioggia ,0,0,0,0,0,0
2016-02-18,Thursday,24,8,4,78,sole,0,0,0,0,0,0
2016-02-19,Friday,34,9,2,69,sole,0,0,0,0,0,0
2016-02-20,Saturday,47,7,2,72,sole,0,1,0,1,0,0
2016-02-20,Saturday,47,7,2,72,sole,0,0,0,0,1,0
2016-02-21,Sunday,33,7,0,74,sole,0,0,0,0,0,0
2016-02-23,Tuesday,24,10,5,83,nebbia ,0,0,0,0,0,0
2016-02-24,Wednesday,32,8,3,73,pioggia nebbia ,0,0,0,0,0,0
2016-02-25,Thursday,26,7,3,68,sole,0,0,0,0,0,0
2016-02-26,Friday,23,5,-1,75,pioggia nebbia ,0,0,0,0,0,0
2016-02-27,Saturday,44,7,6,69,pioggia ,0,0,1,0,0,0
2016-02-28,Sunday,34,12,10,77,pioggia ,0,1,0,0,0,0
2016-02-28,Sunday,34,12,10,77,pioggia ,0,0,0,0,1,1
2016-03-01,Tuesday,24,10,5,84,nebbia ,0,0,0,0,0,0
2016-03-02,Wednesday,35,9,4,75,pioggia ,0,0,0,0,0,1
2016-03-02,Wednesday,35,9,4,75,pioggia ,0,0,0,1,0,0
2016-03-02,Wednesday,35,9,4,75,pioggia ,0,1,0,0,1,0
2016-03-03,Thursday,18,7,3,68,pioggia ,0,0,0,0,0,0
2016-03-04,Friday,23,7,2,66,sole,0,0,0,0,1,0
2016-03-04,Friday,23,7,2,66,sole,0,1,0,0,0,0
2016-03-05,Saturday,46,8,5,78,pioggia ,0,0,0,0,0,0
2016-03-06,Sunday,35,5,2,92,nebbia ,0,0,0,0,0,0
2016-03-08,Tuesday,25,5,1,86,pioggia ,0,0,0,0,0,0
2016-03-09,Wednesday,20,7,4,76,pioggia ,0,0,0,0,0,0
2016-03-10,Thursday,22,9,3,66,sole,0,0,0,0,0,0
2016-03-11,Friday,31,10,5,70,sole,0,0,0,0,0,0
2016-03-12,Saturday,41,11,7,64,sole,0,0,0,0,0,1
2016-03-13,Sunday,26,11,8,56,sole,0,1,1,0,0,0
2016-03-15,Tuesday,12,7,0,72,pioggia ,0,0,0,0,0,0
2016-03-16,Wednesday,20,8,5,56,pioggia ,0,0,0,0,0,0
2016-03-17,Thursday,19,10,5,58,sole,0,0,0,0,0,0
2016-03-18,Friday,27,9,2,67,sole,0,0,0,0,0,0
2016-03-19,Saturday,37,10,1,65,sole,Festa di San Giuseppe,0,0,0,0,0
2016-03-20,Sunday,27,10,3,70,sole,Domenica delle Palme,0,0,1,0,0
2016-03-20,Sunday,27,10,3,70,sole,Domenica delle Palme,0,1,0,0,0
2016-03-22,Tuesday,13,12,6,73,nebbia ,0,0,0,0,0,0
2016-03-23,Wednesday,22,11,5,49,sole,0,0,0,0,0,0
2016-03-24,Thursday,25,9,2,59,sole,0,0,0,0,0,0
2016-03-25,Friday,10,10,2,54,sole,0,0,0,0,0,0
2016-03-26,Saturday,26,11,4,65,sole,0,0,0,0,0,0
2016-03-29,Tuesday,11,13,6,74,nebbia ,0,0,0,0,0,0
2016-03-30,Wednesday,24,13,8,75,sole,0,0,0,0,0,0
2016-03-31,Thursday,26,14,6,78,sole,0,0,0,0,0,0
2016-04-01,Friday,25,15,11,78,sole,0,0,0,0,0,0
2016-04-02,Saturday,45,14,9,80,sole,0,0,0,0,0,0
2016-04-03,Sunday,37,14,7,71,sole,0,0,0,0,0,0
2016-04-05,Tuesday,17,14,8,80,sole,0,0,0,0,0,0
2016-04-06,Wednesday,25,15,8,80,sole,0,0,0,0,0,0
2016-04-07,Thursday,21,15,11,77,sole,0,0,0,0,0,0
2016-04-08,Friday,23,13,11,85,sole,0,0,0,0,0,0
2016-04-09,Saturday,40,13,9,82,sole,0,0,0,0,0,0
2016-04-10,Sunday,30,15,8,72,sole,0,0,0,0,0,0
2016-04-12,Tuesday,28,15,6,55,sole,0,0,1,0,0,0
2016-04-12,Tuesday,28,15,6,55,sole,0,0,0,1,0,0
2016-04-13,Wednesday,25,16,9,66,sole,0,0,0,0,0,0
2016-04-14,Thursday,24,16,11,66,sole,0,0,0,0,0,0
2016-04-15,Friday,28,15,8,64,sole,0,0,0,0,0,0
2016-04-16,Saturday,37,16,9,66,sole,0,0,0,0,1,0
2016-04-17,Sunday,29,16,10,70,sole,0,0,0,1,0,0
2016-04-17,Sunday,29,16,10,70,sole,0,0,0,0,0,1
2016-04-19,Tuesday,24,14,9,69,sole,0,0,0,0,0,0
2016-04-20,Wednesday,19,15,9,66,sole,0,1,0,0,0,0
2016-04-20,Wednesday,19,15,9,66,sole,0,0,0,0,0,1
2016-04-22,Friday,27,16,11,59,sole,0,0,0,0,0,0
2016-04-23,Saturday,41,15,12,77,sole,0,0,0,0,1,0
2016-04-24,Sunday,37,12,9,85,sole,0,0,0,0,0,0
2016-04-26,Tuesday,12,11,3,69,sole,0,0,0,0,0,0
2016-04-27,Wednesday,18,13,6,60,sole,0,0,0,0,0,0
2016-04-28,Thursday,21,12,8,50,sole,0,0,0,0,0,0
2016-04-29,Friday,22,14,8,51,sole,0,0,0,0,0,0
2016-04-30,Saturday,30,14,5,56,sole,0,1,0,0,0,0
2016-05-01,Sunday,30,12,10,82,pioggia ,Festa dei Lavoratori,0,0,0,0,0
2016-05-03,Tuesday,23,16,8,61,temporale ,0,0,0,1,0,0
2016-05-04,Wednesday,25,18,11,37,sole,0,0,0,0,0,0
2016-05-05,Thursday,27,17,12,48,sole,0,0,0,0,0,0
2016-05-06,Friday,27,17,8,54,sole,0,0,0,0,0,0
2016-05-07,Saturday,30,18,10,54,sole,0,0,0,0,0,0
2016-05-08,Sunday,27,18,11,53,sole,Festa della Mamma,0,0,0,0,0
2016-05-10,Tuesday,23,17,14,75,pioggia ,0,0,0,0,0,0
2016-05-11,Wednesday,28,15,14,83,pioggia ,0,0,0,0,0,0
2016-05-12,Thursday,23,16,13,78,pioggia temporale ,0,1,0,0,0,0
2016-05-13,Friday,32,15,11,82,pioggia ,0,0,0,0,0,0
2016-05-14,Saturday,46,17,12,79,pioggia temporale ,0,0,1,0,0,0
2016-05-14,Saturday,46,17,12,79,pioggia temporale ,0,0,0,0,0,1
2016-05-15,Sunday,28,15,12,84,pioggia temporale nebbia ,Pentecoste,1,0,0,0,0
2016-05-17,Tuesday,26,14,8,69,pioggia ,0,0,0,0,0,0
2016-05-18,Wednesday,25,16,9,63,pioggia ,0,0,0,0,0,0
2016-05-19,Thursday,17,13,12,88,pioggia ,0,0,0,0,0,0
2016-05-20,Friday,23,17,9,68,sole,0,0,0,0,0,0
2016-05-21,Saturday,36,19,11,63,sole,0,0,0,0,0,0
2016-05-22,Sunday,34,21,14,58,sole,0,0,0,0,0,0
2016-05-24,Tuesday,18,17,8,62,pioggia ,0,0,0,0,0,0
2016-05-25,Wednesday,23,19,11,63,sole,0,0,0,0,0,0
2016-05-26,Thursday,25,20,12,65,sole,0,0,0,0,0,0
2016-05-27,Friday,32,22,15,61,sole,0,0,0,0,0,0
2016-05-28,Saturday,25,22,16,62,sole,0,0,0,0,0,0
2016-05-29,Sunday,31,18,15,83,pioggia temporale ,0,0,0,0,0,0
2016-05-31,Tuesday,9,19,15,73,sole,0,0,0,0,0,0
2016-06-01,Wednesday,23,18,13,78,pioggia ,0,0,0,1,0,1
2016-06-01,Wednesday,23,18,13,78,pioggia ,0,0,1,0,0,0
2016-06-01,Wednesday,23,18,13,78,pioggia ,0,1,0,0,0,0
2016-06-02,Thursday,32,18,15,84,pioggia temporale ,Festa della Repubblica,0,0,0,0,0
2016-06-03,Friday,19,19,16,80,sole,0,0,0,0,1,0
2016-06-04,Saturday,30,18,15,83,pioggia temporale ,0,0,0,0,0,0
2016-06-05,Sunday,23,19,14,80,pioggia temporale ,0,0,0,0,0,0
2016-06-07,Tuesday,11,22,15,67,sole,0,0,0,0,0,0
2016-06-08,Wednesday,25,21,17,80,pioggia temporale ,0,0,0,0,0,0
2016-06-09,Thursday,20,19,16,86,pioggia ,0,0,0,0,0,0
2016-06-10,Friday,15,21,15,73,pioggia ,0,0,0,0,0,0
2016-06-11,Saturday,26,21,16,77,pioggia ,0,1,0,0,0,1
2016-06-11,Saturday,26,21,16,77,pioggia ,0,0,0,0,1,0
2016-06-12,Sunday,40,19,15,79,pioggia temporale ,0,0,0,0,0,0
2016-06-14,Tuesday,18,19,16,82,pioggia temporale ,0,0,0,0,0,0
2016-06-15,Wednesday,21,20,14,70,pioggia temporale ,0,0,0,0,0,0
2016-06-16,Thursday,20,22,17,70,sole,0,0,0,0,0,0
2016-06-17,Friday,28,21,15,60,pioggia temporale ,0,0,0,0,0,0
2016-06-18,Saturday,23,19,12,67,pioggia temporale ,0,0,0,0,0,0
2016-06-19,Sunday,36,17,14,85,pioggia temporale ,0,0,0,0,0,0
2016-06-21,Tuesday,23,23,16,62,sole,0,0,0,0,0,0
2016-06-22,Wednesday,32,25,18,64,sole,0,0,0,0,0,0
2016-06-23,Thursday,12,27,19,64,sole,0,0,0,0,0,0
2016-06-24,Friday,12,28,21,66,sole,0,0,0,0,0,0
2016-06-25,Saturday,26,27,22,66,pioggia temporale ,0,0,0,0,0,0
2016-06-26,Sunday,33,24,20,72,pioggia temporale ,0,0,0,0,0,0
2016-06-28,Tuesday,19,24,18,57,sole,0,0,0,0,0,0
2016-06-29,Wednesday,24,25,17,54,sole,0,0,0,0,0,0
2016-06-30,Thursday,23,26,20,58,sole,0,0,0,0,0,0
2016-07-01,Friday,25,26,20,62,sole,0,0,0,0,0,0
2016-07-02,Saturday,41,26,20,66,sole,0,0,0,1,1,0
2016-07-02,Saturday,41,26,20,66,sole,0,0,1,0,0,0
2016-07-03,Sunday,40,25,21,76,sole,0,0,0,0,0,0
2016-07-05,Tuesday,25,25,18,63,sole,0,0,0,0,1,0
2016-07-06,Wednesday,24,26,18,58,sole,0,0,0,0,0,0
2016-07-07,Thursday,19,26,20,63,sole,0,0,0,0,0,0
2016-07-08,Friday,22,26,19,65,sole,0,0,0,0,0,0
2016-07-09,Saturday,15,27,21,67,sole,0,0,0,0,0,0
2016-07-10,Sunday,27,29,23,64,sole,0,0,0,0,0,0
2016-07-12,Tuesday,23,27,22,67,sole,0,0,0,0,0,0
2016-07-13,Wednesday,20,26,20,60,sole,0,0,0,0,0,0
2016-07-14,Thursday,19,23,17,39,sole,0,0,0,0,0,0
2016-07-15,Friday,14,21,15,50,sole,0,0,0,0,0,0
2016-07-16,Saturday,19,21,12,50,sole,0,0,0,0,0,0
2016-07-17,Sunday,26,23,14,50,sole,0,0,0,0,0,0
2016-07-19,Tuesday,23,27,20,59,sole,0,0,0,0,0,0
2016-07-20,Wednesday,19,28,20,56,sole,0,0,0,0,0,0
2016-07-21,Thursday,14,26,21,62,sole,0,0,0,0,0,0
2016-07-22,Friday,14,27,21,62,sole,0,0,0,0,0,0
2016-07-23,Saturday,24,25,22,69,sole,0,0,0,0,0,0
2016-07-24,Sunday,31,25,20,69,sole,0,0,0,0,0,0
2016-07-26,Tuesday,21,27,22,62,sole,0,0,0,0,0,0
2016-07-27,Wednesday,16,26,19,64,sole,0,0,0,0,0,0
2016-07-28,Thursday,16,25,18,71,sole,0,0,0,0,0,0
2016-07-29,Friday,17,26,20,67,sole,0,0,0,0,0,0
2016-07-30,Saturday,23,28,22,64,sole,0,0,0,0,0,0
2016-07-31,Sunday,24,25,21,66,sole,0,0,0,0,0,0
2016-08-02,Tuesday,18,24,18,60,sole,0,0,0,0,0,0
2016-08-03,Wednesday,22,25,19,62,sole,0,0,0,0,0,0
2016-08-04,Thursday,21,26,20,63,sole,0,0,0,0,0,0
2016-08-05,Friday,19,22,18,73,pioggia temporale ,0,0,0,1,0,1
2016-08-06,Saturday,23,23,17,53,pioggia ,0,0,0,0,0,0
2016-08-07,Sunday,21,24,17,50,sole,0,0,0,0,0,0
2016-08-09,Tuesday,26,24,18,62,pioggia temporale ,0,0,0,0,0,0
2016-08-10,Wednesday,20,20,17,75,pioggia temporale ,0,0,0,0,0,0
2016-08-11,Thursday,19,20,15,62,pioggia ,0,0,0,0,0,0
2016-08-12,Friday,19,20,14,62,sole,0,0,0,0,0,0
2016-08-13,Saturday,23,21,15,65,sole,0,0,0,0,0,0
2016-08-16,Tuesday,20,25,19,66,temporale ,0,0,0,0,0,0
2016-08-17,Wednesday,22,25,19,66,temporale ,0,0,0,0,0,0
2016-08-18,Thursday,25,23,17,75,pioggia temporale ,0,0,0,0,0,0
2016-08-19,Friday,22,23,18,79,pioggia temporale ,0,0,0,0,0,0
2016-08-20,Saturday,31,24,20,79,pioggia temporale ,0,0,0,0,0,1
2016-08-21,Sunday,29,24,20,79,pioggia temporale nebbia ,0,1,0,0,1,0
2016-08-21,Sunday,29,24,20,79,pioggia temporale nebbia ,0,0,1,0,0,0
2016-08-23,Tuesday,20,22,15,61,sole,0,0,0,0,0,0
2016-08-24,Wednesday,24,23,16,62,sole,0,0,0,0,0,0
2016-08-25,Thursday,23,24,18,64,sole,0,0,0,0,0,0
2016-08-26,Friday,27,23,17,64,sole,0,0,0,0,0,0
2016-08-27,Saturday,22,24,4,65,sole,0,0,0,1,0,0
2016-08-28,Sunday,19,25,18,67,sole,0,0,0,0,1,0
2016-08-30,Tuesday,19,24,21,67,pioggia temporale ,0,0,0,0,0,0
2016-08-31,Wednesday,24,25,19,56,sole,0,0,0,0,0,0
2016-09-01,Thursday,27,24,18,64,sole,0,0,0,0,0,0
2016-09-02,Friday,30,25,19,63,sole,0,0,0,0,0,0
2016-09-03,Saturday,28,25,19,58,sole,0,0,0,0,0,0
2016-09-04,Sunday,32,25,19,60,sole,0,0,1,0,0,1
2016-09-04,Sunday,32,25,19,60,sole,0,1,0,0,0,0
2016-09-06,Tuesday,25,22,15,65,sole,0,0,0,0,0,0
2016-09-07,Wednesday,19,22,14,63,sole,0,0,0,0,0,0
2016-09-08,Thursday,27,23,17,57,sole,0,0,0,0,0,0
2016-09-09,Friday,26,24,18,56,sole,0,0,0,0,0,0
2016-09-10,Saturday,34,25,18,53,sole,0,0,0,1,0,0
2016-09-11,Sunday,38,24,18,58,sole,0,0,0,0,0,0
2016-09-13,Tuesday,27,24,16,60,sole,0,0,0,0,0,0
2016-09-14,Wednesday,26,24,16,63,sole,0,0,0,0,0,0
2016-09-15,Thursday,40,22,17,77,sole,0,0,0,0,0,0
2016-09-16,Friday,34,19,17,88,sole,0,0,0,0,0,0
2016-09-17,Saturday,34,20,17,78,sole,0,0,0,1,0,0
2016-09-18,Sunday,37,19,13,75,sole,0,0,0,0,1,1
2016-09-20,Tuesday,23,20,13,66,sole,0,0,1,0,0,0
2016-09-21,Wednesday,22,17,14,76,sole,0,0,0,0,0,1
2016-09-21,Wednesday,22,17,14,76,sole,0,1,0,0,0,0
2016-09-22,Thursday,25,18,14,65,sole,0,0,0,0,0,0
2016-09-23,Friday,25,17,11,66,sole,0,0,0,0,0,0
2016-09-24,Saturday,31,18,12,67,sole,0,0,0,0,0,0
2016-09-25,Sunday,32,18,11,68,sole,0,0,0,0,1,0
2016-09-25,Sunday,32,18,11,68,sole,0,0,0,1,0,0
2016-09-27,Tuesday,25,19,13,66,sole,0,0,0,0,0,0
2016-09-28,Wednesday,18,18,12,71,sole,0,0,0,0,0,0
2016-09-29,Thursday,29,18,13,75,sole,0,0,0,0,0,0
2016-09-30,Friday,31,18,12,73,sole,0,0,0,0,0,0
2016-10-01,Saturday,31,18,11,74,pioggia ,0,0,0,0,1,0
2016-10-01,Saturday,31,18,11,74,pioggia ,0,0,0,1,0,0
2016-10-02,Sunday,26,18,15,86,pioggia ,0,0,0,0,0,0
2016-10-04,Tuesday,15,16,10,62,sole,0,0,0,0,0,0
2016-10-05,Wednesday,21,13,8,72,pioggia ,0,0,0,0,0,0
2016-10-06,Thursday,25,13,8,65,sole,0,0,0,0,0,0
2016-10-07,Friday,29,13,8,66,sole,0,0,0,0,0,0
2016-10-08,Saturday,29,12,7,76,sole,0,0,0,0,0,0
2016-10-09,Sunday,33,13,11,66,pioggia ,0,0,0,0,0,1
2016-10-10,Monday,1,14,11,54,sole,0,0,0,0,0,0
2016-10-11,Tuesday,18,11,6,73,sole,0,0,0,0,0,0
2016-10-12,Wednesday,19,9,1,68,sole,0,0,0,0,0,0
2016-10-13,Thursday,24,10,6,77,pioggia ,0,0,0,0,0,0
2016-10-14,Friday,31,13,10,94,pioggia temporale ,0,0,0,0,0,0
2016-10-15,Saturday,31,15,13,90,pioggia ,0,0,0,0,0,1
2016-10-16,Sunday,33,14,10,91,nebbia ,0,1,1,0,0,0
2016-10-16,Sunday,33,14,10,91,nebbia ,0,0,0,0,1,0
2016-10-18,Tuesday,17,14,10,90,nebbia ,0,0,0,0,0,0
2016-10-19,Wednesday,21,13,10,95,pioggia ,0,0,0,0,0,0
2016-10-20,Thursday,28,12,8,93,pioggia ,0,0,0,0,0,0
2016-10-21,Friday,27,10,5,85,sole,0,0,0,0,0,0
2016-10-22,Saturday,49,11,6,85,pioggia nebbia ,0,0,1,0,0,1
2016-10-22,Saturday,49,11,6,85,pioggia nebbia ,0,0,0,1,0,0
2016-10-23,Sunday,26,12,9,83,sole,0,0,0,0,0,0
2016-10-25,Tuesday,15,14,13,98,pioggia ,0,0,0,0,0,0
2016-10-26,Wednesday,17,15,13,97,nebbia ,0,1,0,0,0,0
2016-10-26,Wednesday,17,15,13,97,nebbia ,0,0,0,0,0,1
2016-10-26,Wednesday,17,15,13,97,nebbia ,0,0,0,0,1,0
2016-10-27,Thursday,22,16,11,69,pioggia ,0,0,0,0,0,0
2016-10-28,Friday,26,13,9,78,sole,0,0,0,0,0,0
2016-10-29,Saturday,33,11,5,84,sole,0,0,0,0,0,1
2016-10-30,Sunday,19,11,5,83,nebbia ,0,0,1,0,0,0
2016-10-30,Sunday,19,11,5,83,nebbia ,0,0,0,1,0,0
2016-10-31,Monday,17,12,6,83,nebbia ,0,0,0,0,0,0
2016-11-01,Tuesday,24,10,8,96,nebbia ,Ognissanti,0,0,0,0,0
2016-11-02,Wednesday,10,12,10,92,sole,Giorno dei Morti,0,0,0,0,0
2016-11-03,Thursday,14,12,8,77,sole,0,0,0,0,0,1
2016-11-04,Friday,18,10,6,72,sole,0,0,0,0,0,0
2016-11-05,Saturday,36,10,9,96,pioggia ,0,0,0,0,0,0
2016-11-06,Sunday,26,11,8,98,pioggia nebbia ,0,0,0,0,0,0
2016-11-08,Tuesday,18,6,2,76,sole,0,0,0,0,0,0
2016-11-09,Wednesday,19,6,-1,79,sole,0,0,1,0,0,0
2016-11-09,Wednesday,19,6,-1,79,sole,0,1,0,0,0,0
2016-11-10,Thursday,10,6,2,84,sole,0,0,0,0,0,0
2016-11-11,Friday,26,6,2,87,sole,0,0,0,0,0,0
2016-11-12,Saturday,26,6,0,82,nebbia ,0,0,0,0,1,0
2016-11-13,Sunday,19,6,0,77,sole,0,0,0,1,0,0
2016-11-15,Tuesday,19,4,0,76,sole,0,0,0,0,0,0
2016-11-16,Wednesday,14,4,-2,86,sole,0,0,0,0,0,0
2016-11-17,Thursday,17,6,0,84,sole,0,0,0,0,0,0
2016-11-18,Friday,28,8,7,87,pioggia ,0,0,0,0,0,0
2016-11-19,Saturday,42,9,8,99,pioggia nebbia ,0,1,0,0,0,0
2016-11-19,Saturday,42,9,8,99,pioggia nebbia ,0,0,0,0,0,1
2016-11-20,Sunday,20,10,8,97,nebbia ,0,0,1,0,1,0
2016-11-22,Tuesday,15,14,9,89,sole,0,0,0,0,0,0
2016-11-23,Wednesday,21,14,12,86,pioggia ,0,0,0,0,0,0
2016-11-24,Thursday,17,14,10,85,sole,0,0,0,0,0,0
2016-11-25,Friday,24,15,12,85,pioggia ,0,0,0,0,0,0
2016-11-26,Saturday,37,12,9,91,pioggia nebbia ,0,0,0,0,0,0
2016-11-27,Sunday,30,9,7,99,nebbia ,0,0,0,1,0,0
2016-11-29,Tuesday,20,4,-1,49,sole,0,0,0,0,0,0
2016-11-30,Wednesday,21,2,-1,74,sole,0,0,0,0,0,0
2016-12-01,Thursday,21,2,-1,82,sole,0,0,0,0,0,0
2016-12-02,Friday,24,3,-2,83,sole,0,0,0,0,0,0
2016-12-03,Saturday,26,6,2,82,sole,0,0,0,0,1,0
2016-12-04,Sunday,28,7,5,81,sole,0,0,0,0,0,0
2016-12-06,Tuesday,16,4,0,88,sole,0,0,0,0,0,0
2016-12-07,Wednesday,26,0,-2,95,sole,0,0,0,0,0,0
2016-12-08,Thursday,26,0,-3,98,sole,Immacolata Concezione,0,0,0,0,0
2016-12-09,Friday,31,-1,-3,98,sole,0,0,0,0,0,0
2016-12-10,Saturday,26,-1,-3,97,sole,0,0,0,0,0,0
2016-12-11,Sunday,22,0,-2,96,sole,0,0,0,0,0,0
2016-12-13,Tuesday,15,1,-1,99,sole,0,0,0,0,0,0
2016-12-14,Wednesday,20,2,2,98,sole,0,0,0,0,0,0
2016-12-15,Thursday,17,3,0,97,sole,0,0,0,0,0,0
2016-12-16,Friday,15,3,0,89,sole,0,0,0,0,0,0
2016-12-17,Saturday,40,0,-4,92,sole,0,0,1,0,0,0
2016-12-17,Saturday,40,0,-4,92,sole,0,0,0,0,0,1
2016-12-18,Sunday,27,-2,-3,97,sole,0,1,0,0,0,0
2016-12-20,Tuesday,16,8,4,67,sole,0,0,0,0,0,0
2016-12-21,Wednesday,16,8,4,75,sole,0,0,0,0,1,0
2016-12-22,Thursday,9,4,-1,84,sole,0,0,0,0,0,0
2016-12-23,Friday,22,4,-3,79,sole,0,0,0,0,0,0
2016-12-24,Saturday,12,2,-2,87,sole,0,0,0,0,0,0
2016-12-26,Monday,15,4,-1,79,sole,Santo Stefano,0,0,0,0,0
2016-12-27,Tuesday,14,5,-1,83,sole,0,0,0,0,0,0
2016-12-28,Wednesday,16,5,-3,63,sole,0,0,0,0,0,0
2016-12-29,Thursday,20,6,-1,68,sole,0,0,0,0,0,0
2016-12-30,Friday,23,2,-4,80,sole,0,0,0,1,0,0
2016-12-31,Saturday,19,-1,-6,87,sole,Ultimo dell'Anno,0,0,0,0,0
2017-01-01,Sunday,16,-1,-6,82,nebbia ,Primo dell'Anno,0,0,0,0,0
2017-01-03,Tuesday,21,4,-1,68,sole,0,0,0,0,0,0
2017-01-04,Wednesday,22,0,-3,86,sole,0,0,0,0,0,0
2017-01-05,Thursday,20,3,-3,41,sole,0,0,0,1,0,0
2017-01-06,Friday,22,1,-5,30,sole,Epifania,0,0,0,0,0
2017-01-07,Saturday,29,-3,-8,57,sole,0,0,0,0,0,0
2017-01-08,Sunday,34,-3,-8,65,sole,0,0,0,0,0,0
2017-01-10,Tuesday,9,0,-7,74,sole,0,1,0,0,0,0
2017-01-10,Tuesday,9,0,-7,74,sole,0,0,1,0,0,0
2017-01-11,Wednesday,22,-2,-5,54,sole,0,0,0,0,0,0
2017-01-12,Thursday,20,0,-3,67,pioggia neve ,0,0,0,0,0,0
2017-01-13,Friday,21,1,-1,92,pioggia neve nebbia ,0,0,0,0,0,0
2017-01-14,Saturday,35,1,-5,71,sole,0,1,0,0,1,0
2017-01-15,Sunday,22,2,-2,63,sole,0,0,0,0,0,0
2017-01-17,Tuesday,14,3,-2,40,sole,0,0,0,0,0,0
2017-01-18,Wednesday,18,2,-5,53,sole,0,0,0,0,0,0
2017-01-19,Thursday,15,2,-3,57,sole,0,0,0,0,0,0
2017-01-20,Friday,14,1,-4,61,sole,0,0,0,0,0,0
2017-01-21,Saturday,32,0,-6,64,sole,0,1,0,0,0,0
2017-01-21,Saturday,32,0,-6,64,sole,0,0,1,0,0,0
2017-01-22,Sunday,32,1,-4,58,sole,0,0,0,0,0,1
2017-01-24,Tuesday,15,3,-4,60,sole,0,0,0,0,0,0
2017-01-25,Wednesday,13,1,-4,59,sole,0,0,0,0,0,0
2017-01-26,Thursday,17,0,-6,61,sole,0,0,0,0,0,0
2017-01-27,Friday,30,0,-6,68,sole,0,0,0,0,0,0
2017-01-28,Saturday,40,0,-4,70,sole,0,0,0,0,1,0
2017-01-29,Sunday,30,-1,-6,79,sole,0,0,0,1,0,0
2017-01-31,Tuesday,13,3,2,96,pioggia nebbia ,0,0,0,0,0,0
2017-02-01,Wednesday,18,4,3,96,pioggia nebbia ,0,0,0,0,0,0
2017-02-02,Thursday,18,6,4,95,pioggia nebbia ,0,0,0,0,0,0
2017-02-03,Friday,30,7,6,97,pioggia nebbia ,0,0,0,0,0,0
2017-02-04,Saturday,32,7,6,97,pioggia nebbia ,0,1,0,0,0,0
2017-02-05,Sunday,33,5,3,91,pioggia nebbia ,0,0,0,0,0,0
2017-02-07,Tuesday,15,8,4,79,sole,0,0,0,0,0,0
2017-02-08,Wednesday,23,7,4,73,sole,0,0,0,0,0,0
2017-02-09,Thursday,22,5,0,65,sole,0,0,0,0,0,0
2017-02-10,Friday,26,5,4,73,pioggia ,0,0,0,0,0,0
2017-02-11,Saturday,44,6,5,85,sole,0,0,0,0,0,0
2017-02-12,Sunday,27,7,5,85,sole,0,0,0,0,0,0
2017-02-14,Tuesday,24,6,1,74,sole,San Valentino,0,0,0,0,0
2017-02-15,Wednesday,23,6,-1,78,sole,0,0,0,0,0,0
2017-02-16,Thursday,17,7,0,69,sole,0,0,0,0,0,0
2017-02-17,Friday,25,6,0,75,sole,0,0,0,0,0,1
2017-02-18,Saturday,32,6,0,77,sole,0,0,0,0,0,0
2017-02-19,Sunday,34,3,-3,86,nebbia ,0,1,0,0,0,0
2017-02-19,Sunday,34,3,-3,86,nebbia ,0,0,1,0,0,0
2017-02-21,Tuesday,17,4,3,94,nebbia ,0,0,0,0,0,0
2017-02-22,Wednesday,21,7,5,88,nebbia ,0,0,0,0,0,0
2017-02-23,Thursday,25,8,7,85,sole,Giovedì Grasso,0,0,0,0,0
2017-02-24,Friday,12,8,7,91,nebbia ,0,0,0,0,0,0
2017-02-25,Saturday,43,8,2,59,sole,0,0,0,0,0,1
2017-02-26,Sunday,39,7,0,61,sole,Carnevale,1,0,0,0,0
2017-02-26,Sunday,39,7,0,61,sole,Carnevale,0,0,0,1,0
2017-02-28,Tuesday,27,9,7,79,pioggia ,Martedì Grasso,0,0,1,0,0
2017-03-01,Wednesday,24,10,5,60,sole,0,0,0,0,0,0
2017-03-02,Thursday,23,8,1,70,sole,0,0,0,1,0,0
2017-03-03,Friday,23,9,4,74,sole,0,0,0,0,0,0
2017-03-04,Saturday,42,9,5,89,sole,0,0,0,0,1,0
2017-03-05,Sunday,37,10,5,69,sole,0,0,0,0,0,0
2017-03-07,Tuesday,23,11,3,45,sole,0,0,0,0,0,0
2017-03-08,Wednesday,19,11,3,32,sole,0,0,0,0,0,0
2017-03-09,Thursday,28,10,4,48,sole,0,0,0,0,0,0
2017-03-10,Friday,37,13,5,48,sole,0,0,0,0,0,0
2017-03-11,Saturday,52,9,2,43,sole,0,0,0,0,0,0
2017-03-12,Sunday,38,9,4,51,sole,0,1,0,0,1,0
2017-03-14,Tuesday,30,12,3,58,sole,0,0,0,0,0,0
2017-03-15,Wednesday,27,12,5,58,sole,0,0,0,0,0,0
2017-03-16,Thursday,19,12,5,61,sole,0,0,0,0,0,0
2017-03-17,Friday,29,12,4,61,sole,0,0,0,0,0,0
2017-03-18,Saturday,37,12,6,72,sole,0,0,1,0,0,0
2017-03-19,Sunday,29,11,5,74,sole,Festa di San Giuseppe,0,0,0,0,0
2017-03-21,Tuesday,22,13,11,84,sole,0,0,0,0,0,0
2017-03-22,Wednesday,32,13,10,85,sole,0,0,0,0,0,0
2017-03-23,Thursday,41,14,8,80,sole,0,0,0,0,0,0
2017-03-24,Friday,30,15,10,76,sole,0,0,0,0,0,0
2017-03-25,Saturday,45,14,6,74,sole,0,0,0,0,0,0
2017-03-26,Sunday,40,13,10,72,sole,0,0,0,1,0,0
2017-03-28,Tuesday,12,12,3,61,sole,0,0,0,0,0,0
2017-03-29,Wednesday,20,14,5,58,sole,0,0,0,0,0,0
2017-03-30,Thursday,19,16,8,53,sole,0,0,0,0,0,0
2017-03-31,Friday,30,16,8,53,sole,0,0,0,0,0,0
2017-04-01,Saturday,34,15,9,56,sole,0,0,0,0,0,0
2017-04-02,Sunday,35,16,10,49,sole,0,0,0,0,0,0
2017-04-04,Tuesday,25,17,12,50,sole,0,0,0,1,0,0
2017-04-05,Wednesday,26,14,11,77,sole,0,0,0,0,0,0
2017-04-06,Thursday,17,14,9,77,sole,0,0,0,0,0,0
2017-04-07,Friday,18,14,11,68,sole,0,0,0,0,0,0
2017-04-08,Saturday,34,15,7,66,sole,0,0,0,0,0,0
2017-04-09,Sunday,33,16,8,65,sole,Domenica delle Palme,0,0,0,0,0
2017-04-11,Tuesday,20,16,10,68,sole,0,0,0,0,0,0
2017-04-12,Wednesday,22,17,14,58,sole,0,0,0,1,0,0
2017-04-13,Thursday,24,17,9,68,sole,0,0,0,0,0,0
2017-04-14,Friday,22,18,13,66,sole,0,0,0,0,0,0
2017-04-15,Saturday,35,16,12,76,sole,0,0,1,0,1,0
2017-04-18,Tuesday,14,9,4,75,sole,0,0,0,0,0,0
2017-04-19,Wednesday,23,11,3,29,sole,0,0,0,0,0,0
2017-04-20,Thursday,34,11,6,23,sole,0,0,0,0,0,0
2017-04-21,Friday,24,11,4,42,sole,0,0,0,0,0,0
2017-04-22,Saturday,49,12,3,48,sole,0,0,0,0,0,0
2017-04-23,Sunday,40,13,5,57,sole,0,0,0,0,0,1
2017-04-23,Sunday,40,13,5,57,sole,0,1,0,0,0,0
2017-04-23,Sunday,40,13,5,57,sole,0,0,1,0,0,0
2017-04-24,Monday,32,15,13,60,sole,0,0,0,0,0,0
2017-04-25,Tuesday,46,15,11,79,sole,Anniversario della Liberazione,0,0,0,0,0
2017-04-26,Wednesday,26,13,13,89,sole,0,0,0,0,0,0
2017-04-27,Thursday,29,15,12,88,sole,0,0,0,0,0,0
2017-04-28,Friday,34,12,7,69,sole,0,0,0,0,0,0
2017-04-29,Saturday,42,12,4,50,sole,0,0,0,0,0,0
2017-04-30,Sunday,40,13,5,57,sole,0,0,0,0,1,0
2017-05-01,Monday,49,12,8,69,pioggia ,Festa dei Lavoratori,0,0,0,0,0
2017-05-02,Tuesday,19,13,6,68,pioggia ,0,0,1,0,0,0
2017-05-02,Tuesday,19,13,6,68,pioggia ,0,0,0,0,1,1
2017-05-02,Tuesday,19,13,6,68,pioggia ,0,1,0,0,0,0
2017-05-03,Wednesday,36,13,10,79,pioggia ,0,0,0,0,0,0
2017-05-04,Thursday,21,13,10,81,pioggia temporale ,0,0,0,0,0,0
2017-05-05,Friday,31,15,8,72,nebbia ,0,0,0,0,0,0
2017-05-06,Saturday,50,14,9,77,pioggia ,0,0,0,0,0,0
2017-05-07,Sunday,38,13,11,84,pioggia ,0,0,0,0,0,0
2017-05-09,Tuesday,42,15,12,76,pioggia temporale ,0,0,0,0,0,0
2017-05-10,Wednesday,51,15,11,71,sole,0,0,0,0,0,0
2017-05-11,Thursday,44,16,10,73,sole,0,0,0,0,1,0
2017-05-11,Thursday,44,16,10,73,sole,0,1,0,0,0,0
2017-05-11,Thursday,44,16,10,73,sole,0,0,0,0,0,1
2017-05-12,Friday,44,18,15,74,pioggia temporale ,0,0,0,0,0,0
2017-05-13,Saturday,53,19,13,71,pioggia temporale ,0,0,0,1,0,0
2017-05-14,Sunday,43,20,14,68,pioggia temporale ,Festa della Mamma,0,0,0,1,0
2017-05-16,Tuesday,32,21,14,60,sole,0,0,0,0,0,0
2017-05-17,Wednesday,39,23,15,54,sole,0,0,0,0,0,0
2017-05-18,Thursday,34,22,17,56,sole,0,0,0,0,0,0
2017-05-19,Friday,35,19,15,71,pioggia temporale ,0,0,0,0,0,0
2017-05-20,Saturday,48,15,10,81,pioggia temporale ,0,1,0,0,0,0
2017-05-21,Sunday,34,20,12,57,sole,0,0,1,0,0,0
2017-05-21,Sunday,34,20,12,57,sole,0,0,0,0,0,1
2017-05-23,Tuesday,21,22,15,54,sole,0,0,0,0,0,0
2017-05-24,Wednesday,24,22,16,63,sole,0,0,0,0,0,0
2017-05-25,Thursday,29,21,18,63,sole,0,0,0,0,0,0
2017-05-26,Friday,26,21,16,51,sole,0,0,0,0,0,0
2017-05-27,Saturday,27,22,14,54,sole,0,0,0,0,0,0
2017-05-28,Sunday,32,27,22,40,sole,0,0,0,0,1,0
2017-05-30,Tuesday,47,24,17,55,sole,0,0,0,0,0,0
2017-05-31,Wednesday,52,25,18,56,sole,0,0,0,0,0,0
2017-06-01,Thursday,25,24,18,59,sole,0,0,0,0,0,0
2017-06-02,Friday,26,24,17,56,sole,Festa della Repubblica,0,0,0,0,0
2017-06-03,Saturday,31,25,17,54,sole,0,0,0,0,0,0
2017-06-04,Sunday,32,24,17,57,sole,Pentecoste,0,0,0,0,0
2017-06-06,Tuesday,53,20,17,79,sole,0,0,0,0,0,0
2017-06-07,Wednesday,30,21,14,64,sole,0,0,0,0,0,0
2017-06-08,Thursday,26,20,15,46,sole,0,0,0,0,0,0
2017-06-09,Friday,28,21,14,52,sole,0,0,0,0,0,0
2017-06-10,Saturday,33,23,17,55,sole,0,0,0,0,0,0
2017-06-11,Sunday,33,25,17,53,sole,0,0,0,0,0,0
2017-06-13,Tuesday,45,26,19,56,sole,0,0,0,0,0,0
2017-06-14,Wednesday,31,25,21,64,sole,0,0,0,0,0,0
2017-06-15,Thursday,27,25,20,72,sole,0,0,0,0,0,0
2017-06-16,Friday,25,27,21,66,sole,0,0,0,0,0,0
2017-06-17,Saturday,22,27,21,59,sole,0,0,0,0,0,0
2017-06-18,Sunday,33,24,20,48,sole,0,0,0,0,0,0
2017-06-20,Tuesday,32,26,19,50,sole,0,0,0,0,0,0
2017-06-21,Wednesday,17,28,20,49,sole,0,0,0,0,0,0
2017-06-22,Thursday,20,29,21,55,sole,0,0,0,0,0,0
2017-06-23,Friday,18,29,22,59,sole,0,0,0,0,0,0
2017-06-24,Saturday,28,29,22,65,sole,0,0,0,0,0,0
2017-06-25,Sunday,26,25,21,73,sole,0,0,0,0,0,0
2017-06-27,Tuesday,17,26,21,57,sole,0,0,0,0,0,0
2017-06-28,Wednesday,32,23,16,70,sole,0,0,0,0,0,0
2017-06-29,Thursday,28,21,16,67,sole,0,0,0,0,0,0
2017-06-30,Friday,33,21,15,54,sole,0,0,0,0,0,0
2017-07-01,Saturday,20,21,13,56,sole,0,0,0,0,0,0
2017-07-02,Sunday,29,22,15,61,sole,0,0,0,0,0,0
2017-07-04,Tuesday,19,25,20,57,sole,0,0,0,0,0,0
2017-07-05,Wednesday,16,26,18,55,sole,0,1,0,0,0,0
2017-07-05,Wednesday,16,26,18,55,sole,0,0,1,0,0,0
2017-07-06,Thursday,24,28,21,57,sole,0,0,0,0,0,0
2017-07-07,Friday,18,28,20,56,sole,0,0,0,0,0,0
2017-07-08,Saturday,26,28,21,61,sole,0,0,0,0,0,0
2017-07-09,Sunday,25,28,21,55,sole,0,0,0,0,0,0
2017-07-11,Tuesday,14,25,20,70,sole,0,0,0,0,0,0
2017-07-12,Wednesday,17,25,18,68,sole,0,0,0,0,0,0
2017-07-13,Thursday,19,26,20,67,sole,0,0,0,0,0,0
2017-07-14,Friday,19,24,18,63,sole,0,0,0,0,0,0
2017-07-15,Saturday,27,23,18,65,sole,0,0,0,0,0,0
2017-07-16,Sunday,28,23,18,45,sole,0,0,0,0,0,0
2017-07-18,Tuesday,17,25,17,51,sole,0,0,0,0,0,0
2017-07-19,Wednesday,27,27,18,51,sole,0,0,0,0,0,0
2017-07-20,Thursday,25,26,19,58,sole,0,0,0,0,0,0
2017-07-21,Friday,25,26,19,57,sole,0,0,0,0,0,0
2017-07-22,Saturday,23,27,20,56,sole,0,0,0,0,0,0
2017-07-23,Sunday,29,27,20,59,sole,0,0,0,0,0,0
2017-07-25,Tuesday,22,22,15,65,sole,0,0,0,0,0,0
2017-07-26,Wednesday,15,21,15,60,sole,0,0,0,0,0,0
2017-07-27,Thursday,21,23,16,53,sole,0,0,0,0,0,0
2017-07-28,Friday,17,25,18,58,sole,0,0,0,0,0,0
2017-07-29,Saturday,27,26,20,61,sole,0,0,0,0,0,0
2017-07-30,Sunday,33,25,20,72,sole,0,0,0,0,0,0
2017-08-01,Tuesday,23,29,22,64,sole,0,0,0,0,0,1
2017-08-01,Tuesday,23,29,22,64,sole,0,0,1,0,0,0
2017-08-01,Tuesday,23,29,22,64,sole,0,1,0,0,0,0
2017-08-02,Wednesday,19,30,23,58,sole,0,0,0,0,0,0
2017-08-03,Thursday,25,30,23,56,sole,0,0,0,0,0,0
2017-08-04,Friday,27,30,23,57,sole,0,1,0,0,0,1
2017-08-05,Saturday,28,30,24,54,sole,0,0,0,0,0,0
2017-08-06,Sunday,22,28,24,56,sole,0,0,0,0,0,0
2017-08-08,Tuesday,20,26,19,53,sole,0,0,0,0,0,0
2017-08-09,Wednesday,24,27,21,58,sole,0,0,0,0,0,0
2017-08-10,Thursday,26,25,20,68,sole,0,0,0,0,0,0
2017-08-11,Friday,28,22,17,63,sole,0,0,0,0,0,0
2017-08-12,Saturday,29,22,13,57,sole,0,0,0,0,0,0
2017-08-13,Sunday,25,23,15,50,sole,0,0,0,0,0,0
2017-08-16,Wednesday,20,27,20,51,sole,0,0,0,0,0,0
2017-08-17,Thursday,18,27,20,52,sole,0,0,0,0,0,0
2017-08-18,Friday,21,28,21,50,sole,0,0,0,0,0,0
2017-08-19,Saturday,28,26,18,57,sole,0,0,0,0,0,1
2017-08-19,Saturday,28,26,18,57,sole,0,0,0,1,0,0
2017-08-20,Sunday,28,22,16,58,sole,0,0,0,0,1,0
2017-08-22,Tuesday,22,22,16,50,sole,0,0,0,0,0,0
2017-08-23,Wednesday,26,23,17,53,sole,0,0,0,0,0,0
2017-08-24,Thursday,12,25,18,56,sole,0,0,0,0,0,0
2017-08-25,Friday,19,26,19,59,sole,0,0,0,0,0,0
2017-08-26,Saturday,28,27,21,57,sole,0,0,0,0,0,0
2017-08-27,Sunday,26,28,21,50,sole,0,0,1,0,0,0
2017-08-27,Sunday,26,28,21,50,sole,0,1,0,0,0,0
2017-08-29,Tuesday,24,25,18,55,sole,0,0,0,0,0,0
2017-08-30,Wednesday,21,26,18,54,sole,0,0,0,0,0,0
2017-08-31,Thursday,30,25,19,59,sole,0,0,0,0,0,0
2017-09-01,Friday,29,23,18,73,pioggia temporale ,0,0,0,0,0,0
2017-09-02,Saturday,34,18,14,72,pioggia temporale ,0,0,0,0,0,0
2017-09-03,Sunday,34,20,15,47,pioggia ,0,0,0,0,0,0
2017-09-05,Tuesday,33,21,14,63,sole,0,0,0,0,0,0
2017-09-06,Wednesday,25,22,16,64,sole,0,0,0,0,0,0
2017-09-07,Thursday,24,21,16,77,pioggia temporale ,0,0,0,0,0,0
2017-09-08,Friday,30,20,16,64,sole,0,0,0,0,0,0
2017-09-09,Saturday,40,20,15,72,pioggia temporale ,0,1,0,0,0,1
2017-09-10,Sunday,38,18,16,83,pioggia ,0,0,0,0,0,0
2017-09-12,Tuesday,26,18,14,81,pioggia temporale ,0,0,0,0,1,1
2017-09-13,Wednesday,18,18,11,69,sole,0,0,0,0,0,0
2017-09-14,Thursday,15,17,13,84,pioggia ,0,0,0,0,0,0
2017-09-15,Friday,27,17,14,83,pioggia ,0,0,0,0,0,0
2017-09-16,Saturday,28,16,14,83,pioggia ,0,0,0,0,0,0
2017-09-17,Sunday,31,17,12,68,pioggia temporale ,0,1,0,0,0,0
2017-09-17,Sunday,31,17,12,68,pioggia temporale ,0,0,1,0,0,0
2017-09-19,Tuesday,16,14,12,83,pioggia ,0,0,0,0,0,0
2017-09-20,Wednesday,20,17,10,56,sole,0,0,0,1,0,0
2017-09-20,Wednesday,20,17,10,56,sole,0,0,1,0,0,0
2017-09-20,Wednesday,20,17,10,56,sole,0,0,0,0,0,1
2017-09-21,Thursday,25,18,9,52,sole,0,0,0,0,0,0
2017-09-22,Friday,17,16,8,67,sole,0,0,0,0,0,0
2017-09-23,Saturday,5,17,12,73,sole,0,0,0,0,0,1
2017-09-24,Sunday,30,16,13,81,pioggia temporale ,0,0,0,0,1,0
2017-09-24,Sunday,30,16,13,81,pioggia temporale ,0,0,0,1,0,0
2017-09-26,Tuesday,21,17,11,69,sole,0,0,0,0,0,0
2017-09-27,Wednesday,16,18,11,67,sole,0,0,0,0,0,0
2017-09-28,Thursday,21,18,13,72,sole,0,0,0,0,0,0
2017-09-29,Friday,31,18,13,65,sole,0,0,0,0,0,0
2017-09-30,Saturday,27,17,13,59,pioggia ,0,0,0,0,0,0
2017-10-01,Sunday,28,15,14,72,pioggia ,0,0,0,0,0,0
2017-10-03,Tuesday,22,16,13,81,sole,0,0,1,0,0,1
2017-10-04,Wednesday,25,16,11,78,sole,0,0,0,0,0,0
2017-10-05,Thursday,22,17,10,77,sole,0,0,0,0,0,0
2017-10-06,Friday,36,17,10,71,pioggia temporale ,0,0,0,0,0,0
2017-10-07,Saturday,23,14,9,58,sole,0,0,0,0,0,0
2017-10-08,Sunday,26,15,9,64,sole,0,0,0,0,0,0
2017-10-10,Tuesday,19,15,9,71,sole,0,0,0,0,0,0
2017-10-11,Wednesday,22,17,10,71,sole,0,0,0,0,0,0
2017-10-12,Thursday,24,16,10,79,sole,0,0,1,0,0,0
2017-10-12,Thursday,24,16,10,79,sole,0,1,0,0,0,0
2017-10-13,Friday,33,15,9,79,sole,0,0,0,0,0,0
2017-10-14,Saturday,38,15,9,76,sole,0,0,0,0,0,1
2017-10-15,Sunday,32,16,8,72,sole,0,0,1,0,1,0
2017-10-17,Tuesday,31,15,9,74,sole,0,0,0,0,0,0
2017-10-18,Wednesday,33,13,7,83,sole,0,0,0,0,0,0
2017-10-19,Thursday,19,12,10,91,nebbia ,0,0,0,0,0,0
2017-10-20,Friday,35,13,10,87,nebbia ,0,0,0,0,0,0
2017-10-21,Saturday,41,14,12,82,sole,0,0,0,0,0,0
2017-10-22,Sunday,38,14,11,86,pioggia temporale ,0,0,1,0,0,0
2017-10-22,Sunday,38,14,11,86,pioggia temporale ,0,1,0,1,0,0
2017-10-24,Tuesday,31,14,8,47,sole,0,0,0,0,1,0
2017-10-25,Wednesday,31,11,6,69,sole,0,1,1,0,0,0
2017-10-25,Wednesday,31,11,6,69,sole,0,0,0,0,0,1
2017-10-26,Thursday,30,13,6,71,sole,0,0,0,0,0,0
2017-10-27,Friday,22,12,7,81,sole,0,0,0,0,0,0
2017-10-28,Saturday,45,9,4,79,sole,0,0,1,0,0,1
2017-10-29,Sunday,26,12,5,67,sole,0,0,0,0,0,0
2017-10-31,Tuesday,24,11,6,63,sole,0,0,0,0,0,0
2017-11-01,Wednesday,32,10,3,74,sole,Ognissanti,0,0,0,0,0
2017-11-02,Thursday,15,9,5,83,sole,Giorno dei Morti,0,0,0,0,0
2017-11-03,Friday,30,10,5,81,sole,0,0,0,0,0,0
2017-11-04,Saturday,44,11,7,80,sole,0,0,0,0,0,0
2017-11-05,Sunday,39,14,10,87,sole,0,0,0,0,0,0
2017-11-07,Tuesday,19,11,9,80,sole,0,0,0,0,0,0
2017-11-08,Wednesday,14,10,5,80,sole,0,0,0,0,0,0
2017-11-09,Thursday,20,10,8,85,sole,0,0,0,0,0,0
2017-11-10,Friday,30,10,6,82,sole,0,0,0,0,0,0
2017-11-11,Saturday,39,6,3,96,sole,0,0,0,0,0,0
2017-11-12,Sunday,28,7,5,96,sole,0,0,0,0,0,0
2017-11-14,Tuesday,20,7,3,68,sole,0,0,0,0,0,0
2017-11-15,Wednesday,23,6,0,64,sole,0,0,0,0,0,0
2017-11-16,Thursday,26,9,6,61,sole,0,0,0,0,0,0
2017-11-17,Friday,29,7,1,75,sole,0,0,0,0,0,0
2017-11-18,Saturday,49,7,1,80,sole,0,0,0,0,0,0
2017-11-19,Sunday,25,5,1,86,sole,0,0,0,0,1,0
2017-11-21,Tuesday,28,6,2,73,sole,0,0,0,0,0,0
2017-11-22,Wednesday,23,7,3,76,sole,0,0,0,0,0,0
2017-11-23,Thursday,23,9,5,81,sole,0,0,0,0,0,0
2017-11-24,Friday,27,8,5,83,sole,0,0,0,0,0,0
2017-11-25,Saturday,44,9,8,93,sole,0,1,0,0,0,0
2017-11-26,Sunday,32,7,2,86,sole,0,0,1,0,0,0
2017-11-26,Sunday,32,7,2,86,sole,0,0,0,0,0,1
2017-11-28,Tuesday,28,1,-3,81,sole,0,0,0,0,0,0
2017-11-29,Wednesday,27,4,3,94,sole,0,0,0,0,0,0
2017-11-30,Thursday,20,4,0,86,sole,0,0,0,0,0,0
2017-12-01,Friday,28,3,-2,70,nebbia ,0,0,0,0,0,0
2017-12-02,Saturday,49,5,0,51,sole,0,0,0,0,1,0
2017-12-03,Sunday,32,2,-4,65,sole,0,1,0,0,0,0
2017-12-03,Sunday,32,2,-4,65,sole,0,0,0,0,1,0
2017-12-05,Tuesday,16,1,-4,78,sole,0,0,0,0,0,0
2017-12-06,Wednesday,27,1,-4,83,sole,0,0,0,0,0,0
2017-12-07,Thursday,32,2,-3,81,sole,0,0,0,0,0,0
2017-12-08,Friday,31,4,3,91,sole,Immacolata Concezione,0,0,0,0,0
2017-12-09,Saturday,39,3,-3,80,sole,0,0,0,0,0,0
2017-12-10,Sunday,22,-1,-6,75,neve ,0,0,0,0,0,0
2017-12-12,Tuesday,16,5,1,94,pioggia nebbia ,0,0,0,0,0,0
2017-12-13,Wednesday,21,3,-1,93,nebbia ,0,0,0,0,0,0
2017-12-14,Thursday,27,4,2,94,nebbia ,0,0,0,0,0,0
2017-12-15,Friday,21,4,2,90,nebbia ,0,0,0,0,0,0
2017-12-16,Saturday,42,4,1,84,nebbia ,0,0,0,0,1,0
2017-12-17,Sunday,32,1,-4,88,nebbia ,0,0,1,1,0,0
2017-12-19,Tuesday,23,0,-4,70,sole,0,0,0,0,0,0
2017-12-20,Wednesday,24,0,-3,80,sole,0,0,0,0,0,0
2017-12-21,Thursday,18,-1,-6,85,sole,0,0,0,0,0,0
2017-12-22,Friday,34,0,-4,89,nebbia ,0,1,0,0,0,0
2017-12-23,Saturday,29,1,-4,87,nebbia ,0,0,1,0,0,0
2017-12-23,Saturday,29,1,-4,87,nebbia ,0,0,0,0,0,1
2017-12-24,Sunday,11,2,-3,86,sole,0,0,0,0,0,0
2017-12-26,Tuesday,25,5,3,93,pioggia ,Santo Stefano,0,0,0,0,0
2017-12-27,Wednesday,23,7,4,93,pioggia nebbia ,0,0,0,0,0,0
2017-12-28,Thursday,16,5,2,92,pioggia ,0,0,0,0,0,0
2017-12-29,Friday,14,3,-2,74,sole,0,0,0,0,0,0
2017-12-30,Saturday,31,2,-1,76,sole,0,0,0,1,0,1
2017-12-30,Saturday,31,2,-1,76,sole,0,0,0,0,1,0
2017-12-31,Sunday,10,2,-3,82,sole,Ultimo dell'Anno,0,0,0,0,0
2018-01-02,Tuesday,20,4,0,79,nebbia ,0,0,0,0,0,0
2018-01-03,Wednesday,15,3,-2,83,pioggia ,0,0,0,0,0,0
2018-01-04,Thursday,25,5,1,81,sole,0,0,0,0,0,0
2018-01-05,Friday,27,5,-1,83,sole,0,0,0,0,0,0
2018-01-06,Saturday,26,7,5,88,pioggia ,Epifania,0,0,0,0,0
2018-01-07,Sunday,38,10,7,85,sole,0,0,0,0,0,0
2018-01-09,Tuesday,18,12,8,85,sole,0,0,0,0,0,0
2018-01-10,Wednesday,28,8,3,87,nebbia ,0,0,0,0,0,0
2018-01-11,Thursday,26,7,6,90,nebbia ,0,0,0,0,0,0
2018-01-12,Friday,41,7,0,69,sole,0,0,0,0,0,0
2018-01-13,Saturday,40,5,1,76,sole,0,0,0,0,0,0
2018-01-14,Sunday,37,4,-1,77,sole,0,0,0,0,0,0
2018-01-16,Tuesday,20,4,3,93,pioggia ,0,0,0,0,0,0
2018-01-17,Wednesday,28,6,3,64,nebbia ,0,0,0,0,0,0
2018-01-18,Thursday,27,5,0,57,sole,0,0,0,0,0,0
2018-01-19,Friday,35,3,-2,73,sole,0,0,0,0,0,0
2018-01-20,Saturday,48,3,-1,75,sole,0,0,0,0,0,0
2018-01-21,Sunday,43,5,1,79,sole,0,0,0,0,1,0
2018-01-21,Sunday,43,5,1,79,sole,0,0,0,1,0,0
2018-01-23,Tuesday,27,4,-2,74,sole,0,0,0,0,0,0
2018-01-24,Wednesday,23,4,-1,77,sole,0,0,0,0,0,0
2018-01-25,Thursday,27,4,1,86,sole,0,0,0,0,0,0
2018-01-26,Friday,36,6,4,84,sole,0,0,0,0,0,0
2018-01-27,Saturday,38,8,5,83,sole,0,1,0,0,0,1
2018-01-28,Sunday,40,6,1,87,nebbia ,0,0,1,0,0,0
2018-01-30,Tuesday,21,5,3,95,nebbia ,0,0,0,0,0,0
2018-01-31,Wednesday,22,6,5,95,pioggia nebbia ,0,0,0,0,0,0
2018-02-01,Thursday,19,7,5,95,pioggia ,0,0,0,0,0,0
2018-02-02,Friday,34,6,4,90,pioggia ,0,0,0,0,0,0
2018-02-03,Saturday,49,4,4,84,pioggia ,0,0,0,0,0,0
2018-02-04,Sunday,38,4,-2,75,sole,0,0,0,0,0,0
2018-02-06,Tuesday,25,6,4,69,pioggia ,0,0,0,0,0,0
2018-02-07,Wednesday,25,5,4,88,pioggia ,0,0,0,0,0,0
2018-02-08,Thursday,26,6,2,85,sole,Giovedì Grasso,0,0,0,0,0
2018-02-09,Friday,31,6,2,87,pioggia nebbia ,0,1,0,0,0,0
2018-02-10,Saturday,47,5,1,83,pioggia temporale ,0,0,0,0,0,0
2018-02-11,Sunday,35,4,1,78,sole,Carnevale,0,0,1,0,0
2018-02-13,Tuesday,28,4,0,75,sole,Martedì Grasso,0,0,0,0,0
2018-02-14,Wednesday,34,2,-3,68,sole,San Valentino,0,0,0,0,0
2018-02-15,Thursday,23,2,-3,68,sole,0,0,0,0,0,0
2018-02-16,Friday,32,3,-2,72,sole,0,0,0,0,0,0
2018-02-17,Saturday,43,4,-1,76,pioggia ,0,1,0,0,0,0
2018-02-18,Sunday,39,5,4,82,pioggia nebbia ,0,0,1,0,0,0
2018-02-20,Tuesday,16,4,1,66,sole,0,0,0,0,0,0
2018-02-21,Wednesday,21,4,1,71,sole,0,0,0,0,0,0
2018-02-22,Thursday,26,4,4,72,pioggia ,0,0,0,0,0,0
2018-02-23,Friday,24,5,3,78,pioggia ,0,0,0,0,0,0
2018-02-24,Saturday,39,6,4,75,pioggia ,0,0,0,0,1,0
2018-02-25,Sunday,38,2,0,58,sole,0,0,0,1,0,0
2018-02-27,Tuesday,25,-3,-6,62,sole,0,0,0,0,0,0
2018-02-28,Wednesday,19,-3,-5,68,sole,0,0,0,0,0,0
2018-03-02,Friday,38,-1,-2,96,pioggia neve ,0,0,0,0,1,0
2018-03-03,Saturday,51,1,-1,95,pioggia neve nebbia ,0,0,0,0,0,0
2018-03-04,Sunday,40,2,0,96,nebbia ,0,0,0,0,0,0
2018-03-06,Tuesday,23,6,4,94,pioggia nebbia ,0,0,0,0,0,0
2018-03-07,Wednesday,25,7,3,89,pioggia nebbia ,0,0,0,0,0,0
2018-03-08,Thursday,32,8,1,70,sole,0,0,0,0,0,0
2018-03-09,Friday,28,9,2,75,sole,0,0,0,0,0,0
2018-03-10,Saturday,56,9,8,87,pioggia ,0,0,0,0,0,0
2018-03-11,Sunday,31,9,8,93,pioggia ,0,0,0,0,1,0
2018-03-11,Sunday,31,9,8,93,pioggia ,0,0,0,0,0,1
2018-03-13,Tuesday,27,10,5,81,pioggia temporale nebbia ,0,0,0,0,0,0
2018-03-14,Wednesday,21,9,4,85,nebbia ,0,0,0,0,0,1
2018-03-15,Thursday,24,8,5,87,pioggia nebbia ,0,0,0,0,0,0
2018-03-16,Friday,33,10,7,76,pioggia ,0,0,0,0,0,0
2018-03-17,Saturday,51,9,8,86,pioggia ,0,0,0,0,0,0
2018-03-18,Sunday,38,8,6,78,pioggia ,0,0,0,1,0,0
2018-03-18,Sunday,38,8,6,78,pioggia ,0,1,1,0,0,0
2018-03-20,Tuesday,16,6,3,76,pioggia nebbia ,0,0,0,0,0,0
2018-03-21,Wednesday,25,6,3,49,sole,0,0,0,0,0,0
2018-03-22,Thursday,28,5,0,51,sole,0,0,0,0,0,0
2018-03-23,Friday,31,6,0,60,sole,0,0,0,0,0,0
2018-03-24,Saturday,45,8,1,58,sole,0,0,0,0,0,0
2018-03-25,Sunday,29,9,5,58,sole,Domenica delle Palme,0,0,0,0,0
2018-03-27,Tuesday,22,12,6,53,sole,0,0,0,0,0,0
2018-03-28,Wednesday,21,13,4,62,sole,0,0,0,0,0,0
2018-03-29,Thursday,28,12,10,76,pioggia ,0,0,0,0,0,0
2018-03-30,Friday,19,13,8,74,pioggia temporale ,0,0,0,0,0,0
2018-03-31,Saturday,31,10,8,80,pioggia ,0,1,0,0,0,0
2018-03-31,Saturday,31,10,8,80,pioggia ,0,0,1,0,0,1
2018-03-31,Saturday,31,10,8,80,pioggia ,0,0,0,1,1,0
2018-04-03,Tuesday,21,12,6,72,sole,0,0,0,0,0,0
2018-04-04,Wednesday,20,11,9,83,sole,0,0,1,0,1,0
2018-04-04,Wednesday,20,11,9,83,sole,0,1,0,0,0,0
2018-04-05,Thursday,13,13,9,82,sole,0,0,0,0,0,0
2018-04-06,Friday,28,13,6,80,sole,0,0,0,0,0,0
2018-04-07,Saturday,42,14,9,70,sole,0,0,0,0,0,0
2018-04-08,Sunday,39,14,8,58,sole,0,0,0,0,0,0
2018-04-10,Tuesday,29,13,9,86,sole,0,0,0,0,0,0
2018-04-11,Wednesday,27,11,6,87,sole,0,1,0,0,0,0
2018-04-12,Thursday,31,14,13,80,sole,0,0,0,0,0,0
2018-04-13,Friday,30,13,7,74,sole,0,0,0,0,0,0
2018-04-14,Saturday,30,16,8,60,sole,0,1,0,0,0,0
2018-04-15,Sunday,39,15,10,74,sole,0,0,0,0,0,1
2018-04-15,Sunday,39,15,10,74,sole,0,0,1,0,0,0
2018-04-17,Tuesday,21,18,12,68,sole,0,0,0,0,1,0
2018-04-18,Wednesday,17,19,12,60,sole,0,0,0,1,0,0
2018-04-19,Thursday,32,21,13,43,sole,0,0,0,0,0,0
2018-04-20,Friday,28,20,11,55,sole,0,0,0,0,0,0
2018-04-21,Saturday,32,20,11,53,sole,0,0,1,0,0,0
2018-04-22,Sunday,30,20,12,52,sole,0,1,0,0,1,0
2018-04-22,Sunday,30,20,12,52,sole,0,0,0,0,0,1
2018-04-24,Tuesday,24,19,12,67,sole,0,0,0,0,0,0
2018-04-25,Wednesday,33,20,13,66,sole,Anniversario della Liberazione,0,0,0,0,0
2018-04-26,Thursday,22,20,13,67,sole,0,0,0,0,0,0
2018-04-27,Friday,17,19,15,55,sole,0,0,0,0,0,0
2018-04-28,Saturday,34,19,11,61,sole,0,0,0,0,1,1
2018-04-29,Sunday,43,20,14,62,sole,0,0,0,1,0,0
2018-04-30,Monday,24,18,12,57,sole,0,0,0,0,0,0
2018-05-01,Tuesday,34,15,9,59,pioggia ,Festa dei Lavoratori,1,0,0,0,0
2018-05-02,Wednesday,27,14,11,82,pioggia ,0,0,0,0,0,0
2018-05-03,Thursday,17,17,12,81,pioggia temporale ,0,0,0,0,0,0
2018-05-04,Friday,28,18,14,79,pioggia temporale ,0,0,0,0,0,0
2018-05-05,Saturday,47,19,13,74,sole,0,0,0,0,0,1
2018-05-05,Saturday,47,19,13,74,sole,0,0,1,1,0,0
2018-05-06,Sunday,46,21,15,69,pioggia temporale ,0,0,0,0,0,0
2018-05-08,Tuesday,29,20,14,68,pioggia temporale ,0,0,0,0,0,0
2018-05-09,Wednesday,30,18,13,71,pioggia temporale ,0,0,0,0,0,0
2018-05-10,Thursday,32,18,14,77,pioggia ,0,0,0,1,0,0
2018-05-11,Friday,44,18,13,79,pioggia temporale ,0,0,0,0,0,0
2018-05-12,Saturday,33,21,15,69,sole,0,0,0,0,0,0
2018-05-13,Sunday,40,19,15,77,pioggia temporale ,Festa della Mamma,0,0,1,0,0
2018-05-15,Tuesday,26,13,10,81,pioggia ,0,0,0,0,0,0
2018-05-16,Wednesday,26,15,8,76,sole,0,0,0,0,0,0
2018-05-17,Thursday,36,16,13,79,pioggia temporale ,0,0,0,0,0,0
2018-05-18,Friday,25,18,11,71,pioggia temporale ,0,0,0,0,0,0
2018-05-19,Saturday,34,20,13,61,sole,0,0,0,1,0,1
2018-05-20,Sunday,40,20,13,59,sole,Pentecoste,0,1,0,0,0
2018-05-20,Sunday,40,20,13,59,sole,Pentecoste,1,0,0,0,0
2018-05-22,Tuesday,30,17,16,84,pioggia ,0,0,0,0,0,0
2018-05-23,Wednesday,31,18,14,83,pioggia temporale nebbia ,0,0,0,0,0,0
2018-05-24,Thursday,20,22,17,70,sole,0,0,0,0,0,0
2018-05-25,Friday,39,23,15,68,sole,0,0,0,0,0,0
2018-05-26,Saturday,37,24,18,62,sole,0,0,0,0,0,0
2018-05-27,Sunday,45,24,20,65,pioggia temporale ,0,0,0,0,0,0
2018-05-29,Tuesday,30,23,19,73,pioggia temporale ,0,0,0,0,0,0
2018-05-30,Wednesday,30,23,19,74,pioggia ,0,0,0,0,0,0
2018-05-31,Thursday,28,23,19,72,pioggia temporale ,0,0,0,0,0,0
2018-06-01,Friday,23,25,20,56,sole,0,0,1,0,0,0
2018-06-02,Saturday,34,23,16,63,sole,Festa della Repubblica,0,0,0,0,0
2018-06-03,Sunday,42,24,15,63,sole,0,0,0,0,0,0
2018-06-05,Tuesday,24,23,16,68,sole,0,1,0,0,0,0
2018-06-06,Wednesday,30,23,16,70,sole,0,0,0,0,0,0
2018-06-07,Thursday,32,23,19,72,sole,0,0,0,0,0,0
2018-06-08,Friday,22,21,17,80,sole,0,0,0,0,0,0
2018-06-09,Saturday,34,23,16,69,sole,0,0,0,0,0,0
2018-06-10,Sunday,33,25,18,68,sole,0,0,0,0,0,0
2018-06-12,Tuesday,33,23,18,73,sole,0,0,0,0,0,0
2018-06-13,Wednesday,18,22,17,71,sole,0,0,0,0,0,0
2018-06-14,Thursday,34,23,19,59,sole,0,0,0,0,0,0
2018-06-15,Friday,22,22,16,60,sole,0,0,0,0,0,0
2018-06-16,Saturday,29,23,16,56,sole,0,0,0,0,0,0
2018-06-17,Sunday,43,25,18,56,sole,0,0,0,0,0,0
2018-06-19,Tuesday,25,25,19,58,sole,0,0,0,0,0,0
2018-06-20,Wednesday,25,26,21,55,sole,0,0,0,0,0,0
2018-06-21,Thursday,26,26,19,61,sole,0,0,0,0,0,0
2018-06-22,Friday,26,22,20,72,sole,0,0,0,0,0,0
2018-06-23,Saturday,32,21,18,50,sole,0,0,0,0,0,0
2018-06-24,Sunday,39,21,14,53,sole,0,0,0,0,0,0
2018-06-26,Tuesday,29,22,15,54,sole,0,0,0,0,0,0
2018-06-27,Wednesday,24,21,15,59,sole,0,0,0,0,0,0
2018-06-28,Thursday,23,22,14,55,sole,0,0,0,0,0,0
2018-06-29,Friday,26,25,17,49,sole,0,0,0,0,0,0
2018-06-30,Saturday,22,26,18,54,sole,0,0,0,0,0,0
2018-07-01,Sunday,42,25,22,62,sole,0,0,0,0,0,0
2018-07-03,Tuesday,30,25,20,69,sole,0,0,0,0,0,0
2018-07-04,Wednesday,25,24,19,67,sole,0,0,0,0,0,0
2018-07-05,Thursday,27,26,21,59,sole,0,0,0,0,0,0
2018-07-06,Friday,34,23,17,67,sole,0,0,0,0,0,0
2018-07-07,Saturday,39,25,16,55,sole,0,0,0,0,0,0
2018-07-08,Sunday,31,25,18,56,sole,0,0,0,0,0,0
2018-07-10,Tuesday,26,26,21,54,sole,0,1,1,0,0,0
2018-07-11,Wednesday,30,21,18,79,sole,0,0,0,0,0,0
2018-07-12,Thursday,24,24,19,71,sole,0,0,0,0,1,1
2018-07-13,Friday,26,25,19,70,sole,0,0,0,0,0,0
2018-07-14,Saturday,34,27,20,63,sole,0,0,0,0,0,0
2018-07-15,Sunday,47,26,19,63,sole,0,0,0,0,0,0
2018-07-17,Tuesday,27,24,16,71,sole,0,0,0,0,0,0
2018-07-18,Wednesday,27,26,18,52,sole,0,0,0,0,0,0
2018-07-19,Thursday,25,26,10,59,sole,0,0,0,0,0,0
2018-07-20,Friday,24,26,10,59,sole,0,0,0,0,0,0
2018-07-21,Saturday,31,23,18,72,sole,0,0,0,0,0,0
2018-07-22,Sunday,35,25,18,68,sole,0,0,0,0,0,0
2018-07-24,Tuesday,23,26,19,60,sole,0,0,0,0,0,0
2018-07-25,Wednesday,24,27,20,63,sole,0,0,0,0,0,0
2018-07-26,Thursday,28,25,19,66,sole,0,0,0,0,0,0
2018-07-27,Friday,25,26,19,61,sole,0,0,0,0,0,0
2018-07-28,Saturday,30,27,20,64,sole,0,0,0,0,0,0
2018-07-29,Sunday,40,27,20,65,sole,0,0,0,0,0,0
2018-07-31,Tuesday,32,29,22,61,sole,0,0,0,0,0,0
2018-08-01,Wednesday,27,30,24,59,sole,0,0,0,0,0,0
2018-08-02,Thursday,31,27,21,71,sole,0,0,0,0,0,0
2018-08-03,Friday,27,28,23,64,sole,0,0,0,0,0,0
2018-08-04,Saturday,32,28,23,62,sole,0,0,1,0,0,0
2018-08-04,Saturday,32,28,23,62,sole,0,0,0,1,0,0
2018-08-05,Sunday,37,29,23,61,sole,0,0,0,0,0,0
2018-08-07,Tuesday,25,28,22,59,sole,0,0,0,0,0,0
2018-08-08,Wednesday,26,27,22,65,sole,0,0,0,0,0,0
2018-08-09,Thursday,31,27,21,65,sole,0,0,0,0,0,0
2018-08-10,Friday,24,25,19,69,sole,0,0,0,0,0,0
2018-08-11,Saturday,22,27,21,64,sole,0,0,0,0,0,0
2018-08-12,Sunday,30,27,23,57,sole,0,0,0,0,0,0
2018-08-14,Tuesday,26,21,20,87,sole,0,0,0,0,0,0
2018-08-16,Thursday,21,25,21,54,sole,0,0,0,0,0,0
2018-08-17,Friday,25,25,18,55,sole,0,0,0,0,0,0
2018-08-18,Saturday,17,26,19,56,sole,0,1,0,0,0,1
2018-08-19,Sunday,27,28,21,50,sole,0,0,0,0,0,0
2018-08-21,Tuesday,31,28,21,48,sole,0,0,0,0,0,0
2018-08-22,Wednesday,22,27,19,52,sole,0,0,0,0,0,0
2018-08-23,Thursday,22,27,20,55,sole,0,0,0,0,0,0
2018-08-24,Friday,30,26,19,59,sole,0,0,0,0,0,0
2018-08-25,Saturday,38,21,18,81,sole,0,0,0,0,0,1
2018-08-26,Sunday,39,19,15,64,sole,0,0,0,0,1,0
2018-08-26,Sunday,39,19,15,64,sole,0,0,0,1,0,0
2018-08-28,Tuesday,27,21,13,58,sole,0,0,0,0,0,0
2018-08-29,Wednesday,29,23,16,53,sole,0,0,0,0,0,0
2018-08-30,Thursday,21,24,18,58,sole,0,0,0,0,0,0
2018-08-31,Friday,33,22,19,71,sole,0,0,1,0,0,0
2018-09-01,Saturday,41,19,16,83,pioggia temporale ,0,0,0,0,0,0
2018-09-02,Sunday,42,18,16,86,pioggia ,0,0,0,0,0,0
2018-09-04,Tuesday,25,20,13,71,sole,0,0,0,0,0,0
2018-09-05,Wednesday,31,21,16,71,sole,0,0,0,0,0,0
2018-09-06,Thursday,29,22,17,70,pioggia temporale ,0,0,0,0,0,0
2018-09-07,Friday,32,21,19,84,pioggia temporale ,0,0,0,0,0,0
2018-09-08,Saturday,36,22,16,75,sole,0,0,0,0,0,0
2018-09-09,Sunday,35,22,16,70,sole,0,0,0,0,0,0
2018-09-11,Tuesday,25,23,18,71,sole,0,0,0,0,0,0
2018-09-12,Wednesday,24,25,19,70,sole,0,0,1,0,0,0
2018-09-13,Thursday,35,24,19,75,sole,0,0,0,0,0,0
2018-09-14,Friday,27,23,18,74,sole,0,0,0,0,0,0
2018-09-15,Saturday,35,23,19,73,pioggia temporale ,0,0,0,0,1,0
2018-09-16,Sunday,40,22,17,74,sole,0,0,0,0,0,1
2018-09-16,Sunday,40,22,17,74,sole,0,0,0,1,0,0
2018-09-18,Tuesday,26,22,19,73,sole,0,0,0,0,0,0
2018-09-19,Wednesday,37,22,16,76,sole,0,0,0,0,0,0
2018-09-20,Thursday,26,23,17,72,sole,0,0,0,0,0,0
2018-09-21,Friday,37,23,16,69,sole,0,0,0,0,0,0
2018-09-22,Saturday,39,22,16,73,sole,0,0,0,0,0,0
2018-09-23,Sunday,40,21,15,74,sole,0,1,0,0,0,0
2018-09-23,Sunday,40,21,15,74,sole,0,0,1,0,0,0
2018-09-25,Tuesday,31,16,10,43,sole,0,0,0,0,1,0
2018-09-25,Tuesday,31,16,10,43,sole,0,0,0,1,0,0
2018-09-26,Wednesday,29,14,10,49,sole,0,0,0,0,0,1
2018-09-27,Thursday,33,14,6,65,sole,0,0,0,0,0,0
2018-09-28,Friday,40,17,7,56,sole,0,0,0,0,0,0
2018-09-29,Saturday,36,20,12,50,sole,0,0,0,0,1,0
2018-09-29,Saturday,36,20,12,50,sole,0,0,0,0,0,1
2018-09-30,Sunday,46,17,14,50,sole,0,1,0,0,0,0
2018-10-02,Tuesday,24,14,11,74,pioggia ,0,0,0,0,0,0
2018-10-03,Wednesday,27,14,8,73,sole,0,1,0,1,0,0
2018-10-04,Thursday,27,16,9,66,sole,0,0,0,0,0,0
2018-10-05,Friday,43,16,9,67,pioggia ,0,0,0,0,0,0
2018-10-06,Saturday,51,16,14,83,pioggia ,0,0,0,0,0,0
2018-10-07,Sunday,50,17,14,87,pioggia nebbia ,0,0,0,0,0,0
2018-10-09,Tuesday,26,18,13,79,sole,0,0,0,0,0,0
2018-10-10,Wednesday,26,18,13,73,sole,0,0,0,0,0,0
2018-10-11,Thursday,26,18,13,64,sole,0,0,0,0,0,0
2018-10-12,Friday,40,18,13,77,sole,0,0,0,0,0,0
2018-10-13,Saturday,37,17,11,75,sole,0,0,0,0,0,0
2018-10-14,Sunday,37,17,10,69,sole,0,0,0,0,0,0
2018-10-16,Tuesday,30,16,12,71,sole,0,0,0,0,0,0
2018-10-17,Wednesday,24,17,14,78,pioggia ,0,0,0,0,0,0
2018-10-18,Thursday,25,18,13,75,sole,0,0,0,0,0,0
2018-10-19,Friday,42,17,11,74,sole,0,0,0,0,0,0
2018-10-20,Saturday,37,16,11,73,sole,0,0,0,0,0,1
2018-10-21,Sunday,47,14,10,76,pioggia ,0,0,1,0,1,0
2018-10-21,Sunday,47,14,10,76,pioggia ,0,1,0,0,0,0
2018-10-23,Tuesday,20,13,5,64,sole,0,0,0,0,0,0
2018-10-24,Wednesday,27,14,8,71,sole,0,0,0,0,0,0
2018-10-25,Thursday,35,15,9,80,sole,0,0,0,0,0,0
2018-10-26,Friday,38,15,13,85,pioggia ,0,0,0,0,0,0
2018-10-27,Saturday,51,15,12,92,pioggia ,0,0,0,1,0,0
2018-10-28,Sunday,52,16,11,90,pioggia temporale nebbia ,0,0,1,0,0,0
2018-10-30,Tuesday,24,13,9,76,pioggia ,0,0,0,0,0,0
2018-10-31,Wednesday,22,13,7,75,sole,0,0,1,0,0,0
2018-11-01,Thursday,46,15,11,80,pioggia ,Ognissanti,0,0,0,0,0
2018-11-02,Friday,34,13,12,93,pioggia ,Giorno dei Morti,1,0,0,0,0
2018-11-02,Friday,34,13,12,93,pioggia ,Giorno dei Morti,0,0,0,1,0
2018-11-03,Saturday,51,15,13,91,sole,0,0,0,0,0,1
2018-11-03,Saturday,51,15,13,91,sole,0,0,0,0,1,0
2018-11-04,Sunday,43,16,11,83,pioggia nebbia ,0,0,0,0,0,0
2018-11-06,Tuesday,31,16,15,86,pioggia ,0,0,0,0,0,0
2018-11-07,Wednesday,26,15,14,90,pioggia ,0,0,0,0,0,0
2018-11-08,Thursday,35,14,11,89,nebbia ,0,0,0,0,0,0
2018-11-09,Friday,33,12,9,98,nebbia ,0,0,0,0,0,0
2018-11-10,Saturday,51,12,11,93,pioggia nebbia ,0,0,0,0,0,0
2018-11-11,Sunday,42,13,12,89,pioggia ,0,0,1,0,0,1
2018-11-11,Sunday,42,13,12,89,pioggia ,0,1,0,0,0,0
2018-11-13,Tuesday,33,14,12,94,nebbia ,0,0,0,0,0,0
2018-11-14,Wednesday,27,12,8,89,nebbia ,0,0,0,0,0,0
2018-11-15,Thursday,37,10,6,88,nebbia ,0,0,0,0,0,0
2018-11-16,Friday,40,9,5,67,sole,0,0,0,0,0,0
2018-11-17,Saturday,45,8,5,56,sole,0,0,0,0,0,0
2018-11-18,Sunday,45,6,2,55,sole,0,0,0,0,0,0
2018-11-20,Tuesday,24,5,3,90,pioggia ,0,0,0,0,0,0
2018-11-21,Wednesday,17,6,0,85,sole,0,0,0,0,0,0
2018-11-22,Thursday,35,8,6,92,sole,0,0,0,0,0,0
2018-11-23,Friday,36,8,5,97,pioggia nebbia ,0,0,0,1,0,0
2018-11-24,Saturday,40,10,8,93,pioggia nebbia ,0,0,0,0,1,0
2018-11-24,Saturday,40,10,8,93,pioggia nebbia ,0,0,0,0,0,1
2018-11-25,Sunday,42,10,9,88,pioggia ,0,0,0,0,0,0
2018-11-27,Tuesday,33,10,8,85,pioggia ,0,0,0,0,0,0
2018-11-28,Wednesday,23,7,3,85,sole,0,0,0,0,0,0
2018-11-29,Thursday,27,4,-1,81,sole,0,0,0,0,0,0
2018-11-30,Friday,40,2,-1,84,sole,0,0,0,0,0,0
2018-12-01,Saturday,43,3,-1,89,nebbia ,0,0,0,0,0,0
2018-12-02,Sunday,38,2,-2,95,nebbia ,0,0,0,0,0,0
2018-12-04,Tuesday,24,5,0,95,nebbia ,0,0,0,0,0,0
2018-12-05,Wednesday,22,6,0,90,nebbia ,0,0,0,0,1,0
2018-12-06,Thursday,34,6,3,93,pioggia nebbia ,0,0,0,0,0,0
2018-12-07,Friday,37,3,1,98,pioggia nebbia ,0,0,0,0,0,0
2018-12-08,Saturday,43,8,2,89,pioggia nebbia ,Immacolata Concezione,0,0,0,0,0
2018-12-09,Sunday,46,5,0,85,nebbia ,0,0,0,0,0,0
2018-12-11,Tuesday,26,5,-2,54,sole,0,0,0,0,0,0
2018-12-12,Wednesday,30,0,-2,54,sole,0,0,0,0,0,0
2018-12-13,Thursday,31,-1,-3,67,sole,0,0,0,0,0,0
2018-12-14,Friday,38,-2,-3,75,sole,0,0,0,0,0,0
2018-12-15,Saturday,52,-3,-5,82,sole,0,0,0,0,1,0
2018-12-16,Sunday,42,-1,-3,85,neve ,0,0,0,0,0,0
2018-12-18,Tuesday,27,-2,-5,90,nebbia ,0,0,0,0,0,0
2018-12-19,Wednesday,32,1,-4,94,pioggia nebbia ,0,0,0,0,0,0
2018-12-20,Thursday,29,4,2,92,nebbia ,0,0,0,0,0,0
2018-12-21,Friday,33,1,-1,99,nebbia ,0,0,0,0,0,0
2018-12-22,Saturday,41,3,0,94,nebbia ,0,0,0,0,0,1
2018-12-22,Saturday,41,3,0,94,nebbia ,0,1,0,0,1,0
2018-12-22,Saturday,41,3,0,94,nebbia ,0,0,1,0,0,0
2018-12-23,Sunday,42,0,-3,99,nebbia ,0,0,0,0,0,0
2018-12-26,Wednesday,19,0,-1,100,nebbia ,Santo Stefano,0,0,0,1,0
2018-12-27,Thursday,23,0,-2,100,nebbia ,0,0,0,1,0,0
2018-12-28,Friday,29,1,-2,97,nebbia ,0,0,0,0,0,0
2018-12-29,Saturday,32,2,-3,91,nebbia ,0,1,0,0,0,0
2018-12-29,Saturday,32,2,-3,91,nebbia ,0,0,1,0,0,0
2018-12-29,Saturday,32,2,-3,91,nebbia ,0,0,0,0,0,1
2018-12-30,Sunday,22,4,-1,75,sole,0,0,0,0,0,0
2018-12-31,Monday,6,2,-3,88,nebbia ,Ultimo dell'Anno,0,0,0,0,0
2019-01-02,Wednesday,23,2,-3,89,nebbia ,0,0,0,0,0,0
2019-01-03,Thursday,22,3,-4,49,sole,0,0,0,0,0,0
2019-01-04,Friday,27,-1,-6,63,sole,0,0,0,0,0,0
2019-01-05,Saturday,45,-1,-5,77,sole,0,0,0,1,0,0
2019-01-06,Sunday,34,1,-5,78,sole,Epifania,0,0,0,0,0
2019-01-08,Tuesday,29,1,-1,97,nebbia ,0,0,0,0,0,0
2019-01-09,Wednesday,25,1,-2,91,nebbia ,0,0,0,0,0,0
2019-01-10,Thursday,32,6,0,37,sole,0,0,0,0,0,0
2019-01-11,Friday,32,1,-4,71,sole,0,0,0,0,0,0
2019-01-12,Saturday,55,0,-4,85,sole,0,0,0,1,0,0
2019-01-12,Saturday,55,0,-4,85,sole,0,0,0,0,0,1
2019-01-12,Saturday,55,0,-4,85,sole,0,0,0,0,1,0
2019-01-13,Sunday,33,1,-4,78,sole,0,0,0,0,0,0
2019-01-15,Tuesday,25,4,-3,58,sole,0,0,0,0,0,0
2019-01-16,Wednesday,31,3,-3,69,sole,0,0,0,0,0,0
2019-01-17,Thursday,22,5,3,88,pioggia ,0,0,0,0,0,0
2019-01-18,Friday,48,6,5,84,pioggia ,0,0,0,0,0,0
2019-01-19,Saturday,48,4,0,60,sole,0,0,0,0,1,0
2019-01-20,Sunday,44,1,-1,83,sole,0,0,0,0,0,0
2019-01-22,Tuesday,26,2,-3,66,sole,0,0,0,0,0,0
2019-01-24,Thursday,29,3,0,69,sole,0,0,0,0,0,0
2019-01-25,Friday,21,1,-4,69,sole,0,0,0,0,0,0
2019-01-26,Saturday,50,-2,-7,85,nebbia ,0,0,1,0,0,0
2019-01-27,Sunday,41,1,-4,89,pioggia ,0,1,0,0,0,0
2019-01-29,Tuesday,32,2,-3,84,nebbia ,0,0,0,0,0,0
2019-01-30,Wednesday,30,3,0,72,pioggia ,0,0,0,0,0,0
2019-01-31,Thursday,29,3,0,91,pioggia nebbia ,0,0,0,0,0,0
2019-02-01,Friday,49,3,1,97,pioggia neve ,0,0,0,0,0,0
2019-02-02,Saturday,61,4,3,98,pioggia nebbia ,0,0,0,0,0,1
2019-02-03,Sunday,59,5,0,97,pioggia ,0,0,1,0,0,0
2019-02-05,Tuesday,27,5,-1,0,sole,0,0,0,0,0,0
2019-02-06,Wednesday,29,6,1,68,sole,0,0,0,0,0,0
2019-02-07,Thursday,33,4,-2,72,sole,0,0,0,0,0,0
2019-02-08,Friday,38,6,-1,69,sole,0,0,0,0,0,0
2019-02-09,Saturday,45,6,0,74,sole,0,0,0,0,0,0
2019-02-10,Sunday,52,7,5,88,pioggia ,0,0,0,0,0,0
2019-02-12,Tuesday,20,7,-1,44,sole,0,0,0,0,0,0
2019-02-13,Wednesday,30,6,0,59,sole,0,0,0,0,0,0
2019-02-14,Thursday,31,6,0,67,sole,San Valentino,0,0,0,0,0
2019-02-15,Friday,42,6,-1,69,sole,0,0,0,0,0,1
2019-02-16,Saturday,49,7,-1,67,sole,0,0,0,0,0,0
2019-02-17,Sunday,47,7,-1,67,sole,0,0,0,0,1,0
2019-02-19,Tuesday,33,6,-1,77,nebbia ,0,0,0,0,0,0
2019-02-20,Wednesday,37,5,0,89,nebbia ,0,0,0,0,0,0
2019-02-21,Thursday,26,6,-1,83,nebbia ,0,0,0,0,0,0
2019-02-22,Friday,41,8,-1,69,sole,0,0,1,0,0,0
2019-02-22,Friday,41,8,-1,69,sole,0,0,0,1,0,0
2019-02-23,Saturday,42,6,0,52,sole,0,0,0,0,0,0
2019-02-24,Sunday,42,3,-3,54,sole,0,1,0,0,0,0
2019-02-26,Tuesday,26,9,2,64,sole,0,0,0,0,0,0
2019-02-27,Wednesday,23,11,3,55,sole,0,0,0,0,0,0
2019-02-28,Thursday,36,10,1,67,sole,Giovedì Grasso,0,0,0,0,0
2019-03-01,Friday,27,8,2,77,sole,0,0,0,0,0,0
2019-03-02,Saturday,58,9,1,69,sole,0,0,0,0,1,0
2019-03-03,Sunday,44,10,1,65,sole,Carnevale,0,0,1,0,0
2019-03-05,Tuesday,35,8,4,79,sole,Martedì Grasso,0,0,0,0,1
2019-03-06,Wednesday,34,9,1,73,sole,0,0,0,0,0,0
2019-03-07,Thursday,24,13,10,64,sole,0,0,0,0,0,0
2019-03-08,Friday,24,11,4,63,sole,0,0,0,0,0,0
2019-03-09,Saturday,45,10,3,68,sole,0,0,0,0,0,0
2019-03-10,Sunday,45,10,4,77,sole,0,0,0,0,0,0
2019-03-12,Tuesday,35,9,-1,28,sole,0,0,0,0,0,0
2019-03-13,Wednesday,28,5,-1,58,sole,0,0,0,0,0,0
2019-03-14,Thursday,28,7,-1,61,sole,0,0,0,0,0,0
2019-03-15,Friday,25,10,1,66,sole,0,0,0,0,0,0
2019-03-16,Saturday,44,11,2,69,sole,0,0,0,1,0,0
2019-03-17,Sunday,47,11,4,72,sole,0,0,1,0,1,0
2019-03-19,Tuesday,25,7,1,60,sole,Festa di San Giuseppe,0,0,0,0,0
2019-03-20,Wednesday,27,8,2,51,sole,0,0,0,0,0,0
2019-03-21,Thursday,32,10,2,44,sole,0,0,0,0,0,0
2019-03-22,Friday,31,11,3,47,sole,0,0,0,0,0,0
2019-03-23,Saturday,47,14,4,45,sole,0,0,0,0,0,0
2019-03-24,Sunday,39,15,6,47,sole,0,0,0,0,0,0
2019-03-26,Tuesday,23,10,6,50,sole,0,0,0,0,0,0
2019-03-27,Wednesday,28,10,4,43,sole,0,0,0,0,0,0
2019-03-28,Thursday,35,10,3,48,sole,0,0,0,0,0,0
2019-03-29,Friday,33,11,5,49,sole,0,1,0,0,0,0
2019-03-30,Saturday,58,13,6,53,sole,0,0,0,0,0,1
2019-03-31,Sunday,45,14,5,42,sole,0,0,0,0,1,0
2019-04-02,Tuesday,26,16,9,48,sole,0,0,0,0,0,0
2019-04-03,Wednesday,22,14,12,64,sole,0,0,0,0,0,0
2019-04-04,Thursday,33,12,8,84,sole,0,0,0,0,0,0
2019-04-05,Friday,30,11,8,82,sole,0,1,0,0,0,0
2019-04-06,Saturday,49,12,10,79,sole,0,0,0,0,0,0
2019-04-07,Sunday,36,11,7,78,sole,0,0,0,0,0,0
2019-04-08,Monday,1,12,7,75,sole,0,0,0,0,0,0
2019-04-09,Tuesday,20,14,9,70,sole,0,0,0,0,0,0
2019-04-10,Wednesday,28,14,11,71,sole,0,0,0,0,0,0
2019-04-11,Thursday,34,12,11,87,sole,0,0,0,0,0,0
2019-04-12,Friday,26,12,11,72,sole,0,0,0,0,0,0
2019-04-13,Saturday,49,11,9,74,sole,0,0,1,0,0,0
2019-04-14,Sunday,55,10,8,69,sole,Domenica delle Palme,1,0,0,0,0
2019-04-16,Tuesday,33,13,5,62,sole,0,0,0,0,0,0
2019-04-17,Wednesday,30,14,6,59,sole,0,0,0,0,0,0
2019-04-18,Thursday,30,15,8,53,sole,0,0,0,0,0,0
2019-04-19,Friday,29,16,8,54,sole,0,0,0,0,0,0
2019-04-20,Saturday,33,16,8,50,sole,0,0,0,0,0,1
2019-04-20,Saturday,33,16,8,50,sole,0,0,0,0,1,0
2019-04-23,Tuesday,26,13,13,85,sole,0,0,0,0,0,0
2019-04-24,Wednesday,26,17,13,82,sole,0,0,0,0,0,0
2019-04-25,Thursday,36,15,10,85,sole,Anniversario della Liberazione,0,0,0,0,0
2019-04-26,Friday,28,16,11,79,sole,0,0,0,0,0,0
2019-04-27,Saturday,33,15,6,61,sole,0,0,0,0,1,1
2019-04-28,Sunday,38,12,9,68,sole,0,1,0,0,0,0
2019-04-30,Tuesday,31,15,7,58,sole,0,0,0,0,0,0
2019-05-01,Wednesday,30,17,9,54,sole,Festa dei Lavoratori,0,0,0,0,0
2019-05-02,Thursday,22,16,8,63,sole,0,0,0,0,0,0
2019-05-03,Friday,38,15,13,74,sole,0,0,0,0,0,0
2019-05-04,Saturday,34,14,11,79,sole,0,0,0,0,0,0
2019-05-05,Sunday,42,9,7,76,sole,0,0,0,0,0,0
2019-05-07,Tuesday,33,13,5,56,sole,0,0,0,0,0,0
2019-05-08,Wednesday,31,12,9,80,sole,0,0,0,0,0,0
2019-05-09,Thursday,27,14,10,78,sole,0,0,0,0,0,0
2019-05-10,Friday,40,16,9,72,sole,0,0,0,1,0,0
2019-05-11,Saturday,46,15,10,79,sole,0,0,0,0,0,0
2019-05-12,Sunday,44,12,10,77,sole,Festa della Mamma,0,0,0,0,0
2019-05-14,Tuesday,24,13,7,68,sole,0,0,0,0,0,0
2019-05-15,Wednesday,21,9,4,78,sole,0,0,0,0,0,0
2019-05-16,Thursday,24,14,6,69,sole,0,0,0,0,0,0
2019-05-17,Friday,34,16,11,62,sole,0,0,0,0,0,0
2019-05-18,Saturday,49,14,12,76,sole,0,0,0,0,0,0
2019-05-19,Sunday,34,14,12,89,sole,0,0,1,0,0,0
2019-05-19,Sunday,34,14,12,89,sole,0,1,0,0,0,0
2019-05-19,Sunday,34,14,12,89,sole,0,0,0,0,0,1
2019-05-21,Tuesday,32,16,13,79,sole,0,0,0,0,0,0
2019-05-22,Wednesday,30,18,12,77,sole,0,0,0,0,0,0
2019-05-23,Thursday,34,19,13,71,sole,0,0,0,0,0,0
2019-05-24,Friday,39,19,14,77,sole,0,0,0,0,0,0
2019-05-25,Saturday,39,18,15,79,sole,0,0,0,0,0,0
2019-05-26,Sunday,45,19,15,76,sole,0,0,0,0,1,0
2019-05-28,Tuesday,28,17,14,81,sole,0,0,0,0,0,0
2019-05-30,Thursday,33,17,13,71,sole,0,0,0,0,0,0
2019-05-31,Friday,34,18,11,60,sole,0,0,0,0,0,0
2019-06-01,Saturday,28,21,13,57,sole,0,0,0,0,0,0
2019-06-02,Sunday,28,23,14,56,sole,Festa della Repubblica,0,0,0,0,0
2019-06-04,Tuesday,26,25,18,60,sole,0,0,1,0,0,1
2019-06-05,Wednesday,27,24,18,68,sole,0,0,1,0,0,0
2019-06-06,Thursday,39,21,17,78,sole,0,0,0,0,0,0
2019-06-07,Friday,26,21,14,68,sole,0,0,0,0,0,0
2019-06-08,Saturday,29,24,17,60,sole,0,0,0,0,0,0
2019-06-09,Sunday,42,24,17,62,sole,Pentecoste,0,0,0,0,0
2019-06-11,Tuesday,28,27,21,53,sole,0,0,0,0,0,0
2019-06-12,Wednesday,23,26,22,51,sole,0,0,0,0,0,0
2019-06-13,Thursday,27,24,17,40,sole,0,0,0,0,0,0
2019-06-14,Friday,31,24,15,44,sole,0,0,0,0,0,0
2019-06-15,Saturday,24,26,19,53,sole,0,0,0,0,0,0
2019-06-16,Sunday,31,26,20,53,sole,0,0,0,0,0,0
2019-06-18,Tuesday,33,26,19,56,sole,0,0,0,0,0,0
2019-06-19,Wednesday,23,27,22,53,sole,0,0,0,0,0,0
2019-06-20,Thursday,33,26,20,54,sole,0,0,0,0,0,0
2019-06-21,Friday,32,26,19,51,sole,0,0,0,0,0,0
2019-06-22,Saturday,41,24,19,60,sole,0,0,0,0,0,0
2019-06-23,Sunday,45,24,16,59,sole,0,0,0,0,0,0
2019-06-25,Tuesday,20,28,21,55,sole,0,0,0,0,0,0
2019-06-26,Wednesday,16,30,22,57,sole,0,0,0,0,0,0
2019-06-27,Thursday,24,31,23,59,sole,0,0,0,0,0,0
2019-06-28,Friday,29,31,25,58,sole,0,0,0,0,0,0
2019-06-29,Saturday,29,29,24,48,sole,0,0,0,0,0,0
2019-06-30,Sunday,20,29,20,48,sole,0,0,0,0,0,0
2019-07-02,Tuesday,22,28,21,56,sole,0,0,0,0,0,0
2019-07-03,Wednesday,28,27,21,57,sole,0,0,0,0,0,0
2019-07-04,Thursday,28,25,18,64,sole,0,0,0,0,1,0
2019-07-05,Friday,35,27,20,58,sole,0,0,0,0,0,0
2019-07-06,Saturday,43,29,21,61,sole,0,0,0,0,0,0
2019-07-07,Sunday,57,26,21,64,sole,0,0,0,0,0,0
2019-07-09,Tuesday,39,24,21,64,sole,0,0,0,0,0,0
2019-07-10,Wednesday,32,24,20,57,sole,0,0,0,0,0,0
2019-07-11,Thursday,42,24,20,53,sole,0,0,0,0,0,0
2019-07-12,Friday,38,24,17,59,sole,0,1,0,0,0,0
2019-07-13,Saturday,48,23,19,65,sole,0,0,0,0,0,0
2019-07-14,Sunday,37,23,14,57,sole,0,0,0,0,0,0
2019-07-16,Tuesday,33,23,16,58,sole,0,0,0,0,0,0
2019-07-17,Wednesday,24,25,17,53,sole,0,0,0,0,0,0
2019-07-18,Thursday,30,24,20,61,sole,0,0,0,0,0,0
2019-07-19,Friday,34,25,18,61,sole,0,0,0,0,0,0
2019-07-20,Saturday,36,26,19,59,sole,0,0,0,0,0,0
2019-07-21,Sunday,30,27,21,59,sole,0,0,0,0,0,0
2019-07-23,Tuesday,26,29,23,60,sole,0,0,0,0,0,0
2019-07-24,Wednesday,23,30,23,54,sole,0,0,0,0,0,0
2019-07-25,Thursday,29,30,24,53,sole,0,0,0,0,0,0
2019-07-26,Friday,33,30,23,48,sole,0,0,0,0,0,0
2019-07-27,Saturday,29,24,18,72,sole,0,0,0,0,0,0
2019-07-28,Sunday,39,21,19,86,sole,0,0,0,0,0,0
2019-07-30,Tuesday,31,27,21,65,sole,0,0,0,0,0,0
2019-07-31,Wednesday,22,26,22,68,sole,0,0,0,0,0,0
2019-08-01,Thursday,26,28,21,59,sole,0,0,0,0,0,0
2019-08-02,Friday,31,24,18,75,sole,0,1,0,0,0,0
2019-08-03,Saturday,23,23,16,64,sole,0,0,0,0,0,1
2019-08-04,Sunday,29,25,20,61,sole,0,0,0,0,0,0
2019-08-06,Tuesday,28,26,21,68,sole,0,0,0,0,0,0
2019-08-07,Wednesday,27,24,20,81,sole,0,0,0,0,0,0
2019-08-08,Thursday,22,25,19,77,sole,0,0,0,0,0,0
2019-08-09,Friday,26,27,21,69,sole,0,0,0,0,0,0
2019-08-10,Saturday,12,28,23,65,sole,0,0,0,0,0,0
2019-08-11,Sunday,29,28,22,73,sole,0,0,0,0,0,0
2019-08-13,Tuesday,21,25,19,69,sole,0,0,0,0,0,0
2019-08-14,Wednesday,23,23,18,65,sole,0,0,0,0,0,0
2019-08-16,Friday,23,23,17,61,sole,0,0,0,0,0,0
2019-08-17,Saturday,26,23,17,63,sole,0,0,0,0,0,0
2019-08-18,Sunday,26,25,18,65,sole,0,0,0,0,0,0
2019-08-20,Tuesday,32,27,21,64,sole,0,0,0,0,0,0
2019-08-21,Wednesday,29,26,20,62,sole,0,0,0,0,0,0
2019-08-22,Thursday,23,25,21,60,sole,0,0,0,0,0,0
2019-08-23,Friday,34,24,20,70,sole,0,0,0,0,0,0
2019-08-24,Saturday,46,25,21,66,sole,0,0,0,0,0,0
2019-08-25,Sunday,35,25,19,65,sole,0,0,0,1,0,0
2019-08-27,Tuesday,33,26,20,63,sole,0,0,0,0,0,0
2019-08-28,Wednesday,33,25,21,67,sole,0,0,0,0,0,0
2019-08-29,Thursday,34,25,18,69,sole,0,0,0,0,0,0
2019-08-30,Friday,36,27,21,60,sole,0,1,0,0,0,0
2019-08-31,Saturday,41,26,22,64,sole,0,0,1,0,0,0
2019-08-31,Saturday,41,26,22,64,sole,0,0,0,0,0,1
2019-09-01,Sunday,39,25,18,66,sole,0,0,0,0,0,0
2019-09-03,Tuesday,32,23,19,60,sole,0,1,1,0,0,0
2019-09-04,Wednesday,28,21,16,62,sole,0,0,0,0,0,0
2019-09-05,Thursday,33,22,15,59,sole,0,0,0,0,0,0
2019-09-06,Friday,47,18,15,84,sole,0,0,0,0,0,0
2019-09-07,Saturday,38,19,15,71,sole,0,0,0,0,0,0
2019-09-08,Sunday,44,17,15,78,sole,0,0,0,0,0,0
2019-09-10,Tuesday,39,19,13,68,sole,0,0,0,0,0,0
2019-09-11,Wednesday,28,19,2,63,sole,0,0,0,1,1,0
2019-09-12,Thursday,38,22,14,63,sole,0,0,0,0,0,0
2019-09-13,Friday,35,22,15,64,sole,0,0,0,0,0,0
2019-09-14,Saturday,42,22,16,67,sole,0,0,0,0,1,0
2019-09-15,Sunday,50,23,17,68,sole,0,0,1,1,0,0
2019-09-17,Tuesday,27,24,20,71,sole,0,0,0,0,0,0
2019-09-18,Wednesday,35,22,18,84,sole,0,0,0,0,0,0
2019-09-19,Thursday,34,19,17,53,sole,0,0,0,0,0,0
2019-09-20,Friday,43,17,11,46,sole,0,0,0,0,0,0
2019-09-21,Saturday,38,15,8,63,sole,0,0,0,1,0,1
2019-09-21,Saturday,38,15,8,63,sole,0,0,1,0,1,0
2019-09-21,Saturday,38,15,8,63,sole,0,1,0,0,0,0
2019-09-22,Sunday,49,16,13,73,sole,0,0,0,0,0,0
2019-09-24,Tuesday,32,18,10,76,sole,0,0,0,1,0,0
2019-09-25,Wednesday,31,17,13,81,sole,0,0,0,0,1,0
2019-09-26,Thursday,33,19,14,77,sole,0,0,0,0,0,0
2019-09-27,Friday,27,19,14,79,sole,0,0,0,0,0,0
2019-09-28,Saturday,50,20,16,78,sole,0,0,0,0,0,1
2019-09-29,Sunday,50,19,14,76,sole,0,0,1,0,0,0
2019-09-29,Sunday,50,19,14,76,sole,0,1,0,0,0,0
2019-10-01,Tuesday,36,21,16,77,sole,0,0,0,0,0,0
2019-10-02,Wednesday,35,19,17,83,sole,0,0,1,0,0,0
2019-10-02,Wednesday,35,19,17,83,sole,0,0,0,1,0,0
2019-10-03,Thursday,37,15,11,69,sole,0,0,0,0,1,0
2019-10-04,Friday,45,14,8,71,sole,0,0,0,0,0,0
2019-10-05,Saturday,48,15,9,75,sole,0,0,0,0,0,0
2019-10-06,Sunday,47,15,10,74,sole,0,0,0,0,0,0
2019-10-08,Tuesday,24,15,9,75,sole,0,0,0,0,0,0
2019-10-09,Wednesday,30,15,10,82,sole,0,0,0,0,0,0
2019-10-10,Thursday,36,15,11,87,sole,0,0,0,0,0,0
2019-10-11,Friday,48,15,11,79,sole,0,0,1,0,0,1
2019-10-12,Saturday,53,14,8,83,sole,0,0,0,0,0,0
2019-10-13,Sunday,45,14,10,86,sole,0,0,0,0,0,0
2019-10-15,Tuesday,34,18,15,85,sole,0,0,0,0,0,0
2019-10-16,Wednesday,42,14,10,91,sole,0,0,0,0,0,0
2019-10-17,Thursday,41,15,8,82,sole,0,0,0,0,0,0
2019-10-18,Friday,37,16,14,87,sole,0,0,0,0,0,0
2019-10-19,Saturday,53,16,14,88,sole,0,0,0,0,0,1
2019-10-20,Sunday,59,18,12,78,sole,0,0,1,0,0,0
2019-10-20,Sunday,59,18,12,78,sole,0,1,0,0,0,0
2019-10-22,Tuesday,41,18,13,87,sole,0,0,0,0,0,0
2019-10-23,Wednesday,38,17,12,86,sole,0,0,0,0,0,0
2019-10-24,Thursday,44,16,13,95,sole,0,0,0,0,0,0
2019-10-25,Friday,42,17,12,84,sole,0,0,0,1,0,0
2019-10-26,Saturday,57,15,9,80,sole,0,0,0,0,1,0
2019-10-27,Sunday,48,14,8,84,sole,0,0,0,0,0,0
2019-10-29,Tuesday,36,15,13,95,sole,0,1,0,0,0,0
2019-10-30,Wednesday,37,13,12,69,sole,0,0,0,0,0,1
2019-10-31,Thursday,37,11,11,72,sole,0,0,1,0,0,0
2019-11-01,Friday,49,11,9,75,sole,Ognissanti,0,0,0,0,0
2019-11-02,Saturday,65,11,9,91,sole,Giorno dei Morti,0,0,0,0,0
2019-11-03,Sunday,52,12,10,98,sole,0,0,0,0,0,0
2019-11-05,Tuesday,44,13,8,92,sole,0,0,0,1,0,0
2019-11-06,Wednesday,45,10,6,91,sole,0,0,0,0,0,0
2019-11-07,Thursday,30,10,3,89,sole,0,0,0,0,0,0
2019-11-08,Friday,50,11,8,89,sole,0,0,0,0,0,0
2019-11-09,Saturday,60,9,4,87,sole,0,0,0,0,0,0
2019-11-10,Sunday,51,8,3,77,sole,0,0,0,0,0,0
2019-11-12,Tuesday,27,9,8,92,sole,0,0,0,0,0,0
2019-11-13,Wednesday,32,10,7,65,sole,0,0,0,0,0,0
2019-11-14,Thursday,35,8,2,67,sole,0,0,0,0,0,0
2019-11-15,Friday,54,10,6,87,sole,0,0,0,0,0,0
2019-11-16,Saturday,52,8,5,92,sole,0,0,0,0,0,0
2019-11-17,Sunday,43,9,5,89,sole,0,0,0,0,0,0
